Email,Company,Website,City,State,Timezone,LeadSource,Verified,PlaceId,EmailSourceURL,WebsiteFacts,ScaleClass,QualificationConfidence,Status,FirstSeenDate,Notes
info@northdallassmiles.com,North Dallas Smiles,https://northdallassmiles.com/,Dallas,TX,America/Chicago,Google Places Text Search -> public website,PASS,ChIJuz6SjgQjTIYRrwiW6UOy5YA,https://northdallassmiles.com/,"PAGE https://northdallassmiles.com/: Welcome to North Dallas Smiles | Dental Clinic in Dallas, TX Skip to content 17194 PRESTON RD. STE 224 DALLAS, TX 75248 972 233 9399 Instagram Menu Home About Us Dentists Our Office Blog Services General Dentistry Cosmetic Dentistry Dental Emergency Orthodontics Oral Surgery Patient Resources Insurance Payment Plans & Membership First Visit Contact Us BOOK NOW BOOK NOW Menu Home About Us Dentists Our Office Blog Services General Dentistry Cosmetic Dentistry Dental Emergency Orthodontics Oral Surgery Patient Resources Insurance Payment Plans & Membership First Visit Contact Us Your Dream Dental Experience Awaits We strive to provide an exceptional patient experience for you and your loved ones. Book An Appointment Services we offer General Dentistry Cleaning, Tooth Colored fillings and Crowns. Book Now Cosmetic Dentistry Veneers, Smile makeover & Teeth Whitening. Book Now Dental Emergency Broken fillings, Oral pain & Dental Accidents. Book Now Orthodontics Invisalign & Braces. Book Now Why people love North Dallas Smiles North Dallas Smiles 719 Google reviews Write a review Posted on Google Cynthia Boro Trustindex verifies that the original source of the review is Google. I had such a great experience! Definitely coming back!!!! Posted on Google evelyn Boro Trustindex verifies that the original source of the review is Google. Amazing practice with a great and professional team! Posted on Google Michael Dukes Trustindex verifies that the original source of the review is Google. North Dallas Smiles provides great service and excellent care during cleanings. They address any issues on the spot, making the process smooth and stress-free. Fast, efficient, and highly professional! Posted on Google LN Trustindex verifies that the original source of the review is Google. Dr. Eje
PAGE https://northdallassmiles.com/contact-us/: Contact the Best Dentist in Dallas, TX | North Dallas Smiles Skip to content 17194 PRESTON RD. STE 224 DALLAS, TX 75248 972 233 9399 Instagram Menu Home About Us Dentists Our Office Blog Services General Dentistry Cosmetic Dentistry Dental Emergency Orthodontics Oral Surgery Patient Resources Insurance Payment Plans & Membership First Visit Contact Us BOOK NOW BOOK NOW Menu Home About Us Dentists Our Office Blog Services General Dentistry Cosmetic Dentistry Dental Emergency Orthodontics Oral Surgery Patient Resources Insurance Payment Plans & Membership First Visit Contact Us Get In Touch We would love to hear from you! 17194 Preston Rd. Ste 224 Dallas, TX 75248 Phone: (972) 233-9399 Email: info@northdallassmiles.com Monday to Friday 8:00 A.M. – 4:30 P.M. Instagram Submit Message About us We strive to provide an exceptional patient experience for you and your loved ones. All about NDS Home About Us Dentists Our Office Blog Services General Dentistry Cosmetic Dentistry Dental Emergency Orthodontics Oral Surgery Patient Resources Insurance Payment Plans & Membership First Visit Contact Us Home About Us Dentists Our Office Blog Services General Dentistry Cosmetic Dentistry Dental Emergency Orthodontics Oral Surgery Patient Resources Insurance Payment Plans & Membership First Visit Contact Us Contact us 17194 Preston Rd., Ste 224 Dallas, TX 75248 Phone: (972) 233-9399 Email: info@northdallassmiles.com Office Hours Monday to Friday 8:00 A.M – 4:30 P.M Locate Us (c) NorthDallasSmiles 2024",LOCAL,0.95,Verified,2026-09-29T18:32:48Z,"Website clearly shows a single-location dental clinic at 17194 Preston Rd, Dallas, TX offering cosmetic dentistry (veneers, smile makeover, teeth whitening) and other services. Public email info@northdallassmiles.com matches the website domain. No evidence of multi-location or enterprise scale; appears to be a local practice."
grin@dallasdds.net,HJ Dental,https://dallasdds.net/,Dallas,TX,America/Chicago,Google Places Text Search -> public website,PASS,ChIJNSS2nhifToYRKwZVIG7ZIKc,https://dallasdds.net/meet-your-dental-team/,"PAGE https://dallasdds.net/: Comprehensive Dental Care in Dallas | Dallasdds.net Skip to content 9301 N Central Expy Ste 585 Tower 2, Dallas, TX 75231 (opens in a new tab) Call Us (214) 521-3148 Home About Us What Sets Us Apart Meet Your Dentists Haifa Jamaleddine Jesse Arbaugh David Roberts Meet Your Dental Team Tour Our Dental Office Smile Gallery Advanced Dental Technology Our Services Preventative Dental Care Pediatric Dental Care Restorative Dentistry Dental Implants Cosmetic Dentistry Veneers No-Prep Composite Veneers Tooth Crystals Sedation Dentistry Emergency Dentistry TMJ Treatment Free Emergency Dental Exam for New Patients Oral Surgery Tooth Extractions Wisdom Tooth Extraction Invisalign For Patients Your First Visit Insurance & Financing Patient Forms Special Offers FAQS Request an Appointment Dentist – Dallas, TX The Quality & Attention Your Family Deserves World-class dentistry has never felt this good! From routine checkups to state-of-the-art dental implants , we can’t wait to make it easy for you and your loved ones to smile for years to come. Request an Appointment New Patient Special Want Brighter, Whiter Teeth? Free custom whitening trays for new patients! When you get a comprehensive exam and cleaning! Request an Appointment How we stand out WHY DALLAS TRUSTS HJ DENTAL AS THEIR DALLAS DENTIST At HJ Dental, our Dallas dentists combine 5-star customer service with top-of-the-line dental care, all wrapped in a warm and homey atmosphere where you and everyone you care about are always welcome. Experienced Team State of the Art Comfortable Care for All Ages Comprehensive Care Dental Insurance Meet Our Team Creating Smiles for Decades YOUR DENTIST DALLAS, TX TEAM Dr. J. has surrounded herself with a truly exceptional staff—some of our dental team members in your area have 10, 20, and
PAGE https://dallasdds.net/about-us/: About Our Dental Office In Dallas | Dallasdds.net Skip to content 9301 N Central Expy Ste 585 Tower 2, Dallas, TX 75231 (opens in a new tab) Call Us (214) 521-3148 Home About Us What Sets Us Apart Meet Your Dentists Haifa Jamaleddine Jesse Arbaugh David Roberts Meet Your Dental Team Tour Our Dental Office Smile Gallery Advanced Dental Technology Our Services Preventative Dental Care Pediatric Dental Care Restorative Dentistry Dental Implants Cosmetic Dentistry Veneers No-Prep Composite Veneers Tooth Crystals Sedation Dentistry Emergency Dentistry TMJ Treatment Free Emergency Dental Exam for New Patients Oral Surgery Tooth Extractions Wisdom Tooth Extraction Invisalign For Patients Your First Visit Insurance & Financing Patient Forms Special Offers FAQS Request an Appointment About Our Dental Office – Dallas, TX Reliable Dentistry for Dallas Residents If you and your family are looking to establish a dentist in the area who provides trustworthy dentistry service that is first-rate and patient-focused, you’ve come to the right place. At HJ Dental, Dr. Jamaleddine “Dr. J” and our team are equipped with the latest technologies to produce high-end results, no matter the type of treatment you need. While delivering beautiful smiles, our exceptional staff will help you feel right at home, exceeding your expectations every time. Learn more about us by reading the information below, and feel free to call us with any questions. New Patient Special Want Brighter, Whiter Teeth? Free custom whitening trays for new patients! When you get a comprehensive exam and cleaning! Book an Appointment Comprehensive, Superior Dentistry No two patients are alike, which means offering an array of dental services is essential for any dental office to be successful. This is why you will find all ty
PAGE https://dallasdds.net/meet-your-dental-team/: Meet Your Dental Team In Dallas TX | Dallasdds.net Skip to content 9301 N Central Expy Ste 585 Tower 2, Dallas, TX 75231 (opens in a new tab) Call Us (214) 521-3148 Home About Us What Sets Us Apart Meet Your Dentists Haifa Jamaleddine Jesse Arbaugh David Roberts Meet Your Dental Team Tour Our Dental Office Smile Gallery Advanced Dental Technology Our Services Preventative Dental Care Pediatric Dental Care Restorative Dentistry Dental Implants Cosmetic Dentistry Veneers No-Prep Composite Veneers Tooth Crystals Sedation Dentistry Emergency Dentistry TMJ Treatment Free Emergency Dental Exam for New Patients Oral Surgery Tooth Extractions Wisdom Tooth Extraction Invisalign For Patients Your First Visit Insurance & Financing Patient Forms Special Offers FAQS Request an Appointment Meet Our Dental Team – Dallas, TX A Dental Team Dedicated to Your Oral Health Any dental office needs to have a superior team of professionals who are committed to the mission and who believe in patient-focused care. At HJ Dental, Dr. J works closely with our staff to ensure all dental patients receive care that goes above and beyond the basics. With dental hygienists, dental assistants, and administrative team members, we create a well-functioning group who are here to ensure you and your family enjoy your visit from beginning to end. Read on to learn more about us in our bios below. HJ Dental 9301 N Central Expy, Ste 585 Tower 2 Dallas, TX 75231 Phone: (214)521-3148 Email: Grin@dallasdds.net Dental Office Hours: Monday 8:00 am – 5:00 pm Tuesday 8:00 am – 5:00 pm Wednesday 8:00 am – 5:00 pm Thursday 8:00 am – 5:00 pm Friday * After Hours for Emergencies Desiree, Dental Hygienist Desiree brings over 20 years of experience to our team, and she loves to interact with so many different people every da
PAGE https://dallasdds.net/dental-care-dallas-tx/: Expert Dental Care Dallas, TX | Dallasdds.net Skip to content 9301 N Central Expy Ste 585 Tower 2, Dallas, TX 75231 (opens in a new tab) Call Us (214) 521-3148 Home About Us What Sets Us Apart Meet Your Dentists Haifa Jamaleddine Jesse Arbaugh David Roberts Meet Your Dental Team Tour Our Dental Office Smile Gallery Advanced Dental Technology Our Services Preventative Dental Care Pediatric Dental Care Restorative Dentistry De",LOCAL,0.95,Verified,2026-09-29T18:33:45Z,"Website clearly represents a real operating dental practice at the listed Dallas address. Offers cosmetic dentistry services including veneers and no-prep composite veneers relevant to chipped tooth repair. Single-location practice with named dentists and team, indicating local scale. Public email grin@dallasdds.net matches website domain."
info@claritydentistry.com,Clarity Dentistry,https://claritydentistry.com/,Indianapolis,IN,America/Indiana/Indianapolis,Google Places Text Search -> public website,PASS,ChIJq695OodDa4gRPOdhQR4-QkI,https://www.claritydentistry.com/,"PAGE https://www.claritydentistry.com/: Top-Rated Dentist in Indianapolis, IN 46237 | Clarity Dentistry (317) 300-0205 Request Appointment Make Payment Read Reviews Home Dental Services Emergency Dentistry General Dentistry Hygiene & Preventative Dentistry Dental Crowns & Bridges Extractions & Oral Surgery Dental Implants Full Dentures & Partial Dentures Root Canals Cosmetic Dentistry Invisalign Clear Braces About Us Meet the Team Location Patient Testimonials Patients Appointments & Forms Appointment Request Recommend a Patient Coverage and Plans Accepted Insurance In-House Dental Plan Guide to Dental Insurance Patient Education Educational Resources Dental Glossary & ADA Codes FAQs Blog Branded Links Dentist Near Me Contact REQUEST APPOINTMENT Home Dental Services Emergency Dentistry General Dentistry Hygiene & Preventative Dentistry Dental Crowns & Bridges Extractions & Oral Surgery Dental Implants Full Dentures & Partial Dentures Root Canals Cosmetic Dentistry Invisalign Clear Braces About Us Meet the Team Location Patient Testimonials Patients Appointments & Forms Appointment Request Recommend a Patient Coverage and Plans Accepted Insurance In-House Dental Plan Guide to Dental Insurance Patient Education Educational Resources Dental Glossary & ADA Codes FAQs Blog Branded Links Dentist Near Me Contact REQUEST APPOINTMENT X Request an Appointment! All of your contact information will be kept strictly confidential. Please enable JavaScript in your browser to complete this form. Full Name * Phone Number * Email Address * Requested Date/Time * Acknowledgement Message * By checking this box, I acknowledge and agree that: 1) This form is not HIPAA secure. 2) I will not include any sensitive personal, medical, or insurance information. 3) This practice cannot guarantee the privacy or confidentiality of the infor
PAGE https://www.claritydentistry.com/services/: Services - Clarity Dentistry (317) 300-0205 Request Appointment Make Payment Read Reviews Home Dental Services Emergency Dentistry General Dentistry Hygiene & Preventative Dentistry Dental Crowns & Bridges Extractions & Oral Surgery Dental Implants Full Dentures & Partial Dentures Root Canals Cosmetic Dentistry Invisalign Clear Braces About Us Meet the Team Location Patient Testimonials Patients Appointments & Forms Appointment Request Recommend a Patient Coverage and Plans Accepted Insurance In-House Dental Plan Guide to Dental Insurance Patient Education Educational Resources Dental Glossary & ADA Codes FAQs Blog Branded Links Dentist Near Me Contact REQUEST APPOINTMENT Home Dental Services Emergency Dentistry General Dentistry Hygiene & Preventative Dentistry Dental Crowns & Bridges Extractions & Oral Surgery Dental Implants Full Dentures & Partial Dentures Root Canals Cosmetic Dentistry Invisalign Clear Braces About Us Meet the Team Location Patient Testimonials Patients Appointments & Forms Appointment Request Recommend a Patient Coverage and Plans Accepted Insurance In-House Dental Plan Guide to Dental Insurance Patient Education Educational Resources Dental Glossary & ADA Codes FAQs Blog Branded Links Dentist Near Me Contact REQUEST APPOINTMENT X Request an Appointment! All of your contact information will be kept strictly confidential. Please enable JavaScript in your browser to complete this form. Full Name * Phone Number * Email Address * Requested Date/Time * Acknowledgement Message * By checking this box, I acknowledge and agree that: 1) This form is not HIPAA secure. 2) I will not include any sensitive personal, medical, or insurance information. 3) This practice cannot guarantee the privacy or confidentiality of the information you send. Request Now Servic
PAGE https://www.claritydentistry.com/about/: About Clarity Dentistry | Meet Dr. Ross Bowen, DDS & Staff (317) 300-0205 Request Appointment Make Payment Read Reviews Home Dental Services Emergency Dentistry General Dentistry Hygiene & Preventative Dentistry Dental Crowns & Bridges Extractions & Oral Surgery Dental Implants Full Dentures & Partial Dentures Root Canals Cosmetic Dentistry Invisalign Clear Braces About Us Meet the Team Location Patient Testimonials Patients Appointments & Forms Appointment Request Recommend a Patient Coverage and Plans Accepted Insurance In-House Dental Plan Guide to Dental Insurance Patient Education Educational Resources Dental Glossary & ADA Codes FAQs Blog Branded Links Dentist Near Me Contact REQUEST APPOINTMENT Home Dental Services Emergency Dentistry General Dentistry Hygiene & Preventative Dentistry Dental Crowns & Bridges Extractions & Oral Surgery Dental Implants Full Dentures & Partial Dentures Root Canals Cosmetic Dentistry Invisalign Clear Braces About Us Meet the Team Location Patient Testimonials Patients Appointments & Forms Appointment Request Recommend a Patient Coverage and Plans Accepted Insurance In-House Dental Plan Guide to Dental Insurance Patient Education Educational Resources Dental Glossary & ADA Codes FAQs Blog Branded Links Dentist Near Me Contact REQUEST APPOINTMENT X Request an Appointment! All of your contact information will be kept strictly confidential. Please enable JavaScript in your browser to complete this form. Full Name * Phone Number * Email Address * Requested Date/Time * Acknowledgement Message * By checking this box, I acknowledge and agree that: 1) This form is not HIPAA secure. 2) I will not include any sensitive personal, medical, or insurance information. 3) This practice cannot guarantee the privacy or confidentiality of the informatio
PAGE https://www.claritydentistry.com/contact/: Contact Clarity Dentistry | Best Dentist in Indianapolis (317) 300-0205 Request Appointment Make Payment Read Reviews Home Dental Services Emergency Dentistry General Dentistry Hygiene & Preventative Dentistry Dental Crowns & Bridges Extractions & Oral Surgery Dental Implants Full Dentures & Partial Dentures Root Canals Cosmetic Dentistry Invisalign Clear Braces About Us Meet the Team Location Patient Testimoni",LOCAL,0.9,Verified,2026-09-29T18:34:15Z,Website clearly represents a real operating dental practice in Indianapolis (address matches). Services include Cosmetic Dentistry (relevant to teeth whitening). Public email domain matches website domain. Single-location practice indicates LOCAL scale.
info@purezendentistry.com,Pure Zen Dentistry,https://purezendentistry.com/,Indianapolis,IN,America/Indiana/Indianapolis,Google Places Text Search -> public website,PASS,ChIJry-GHLesFIgR1bCvlHCnxvk,https://www.purezendentistry.com/,"PAGE https://www.purezendentistry.com/: Dentist in Indianapolis, IN | Best Dentist Near Me D e n t i s t r y 9510 N Meridian St, Suite 250, Indianapolis, IN 46260 (317) 849-3444 Book now About Services Preventive Dentistry Cosmetic Dentistry Restorative Dentistry Minimally Invasive Dentistry TMJ/TMD Treatment Emergencies Fluoride Treatments Night Guards Digital X-Rays Oral Cancer Screenings Dental Sealants At-Home Teeth Whitening Dental Bonding In-Office Teeth Whitening Veneers Dental Crowns Dental Fillings Extractions Crowns and Bridges Root Canal Therapy Dental Bridges Dentures Enameloplasty Diagnostic & Prevention Implant Preparation Abscess Treatment Crown Lengthening Biopsies Bone Grafting Ridge Augmentation Silver Diamine Fluoride Icon (Resin Infiltration) Botox Early Cavity Detection Curodont ICON Treatment Dental Sealants Silver Diamine Fluoride Occlusal Guards Dermal Fillers Gum Builder Treatment Interoral and MouthWatch® Technology Med Spa Treatments Oral Surgery Dental Implants Sedation Dentistry Options Clear Aligners Periodontal Care Curodont Same-Day Crowns Cleaning & Hygiene For Patients Patient Resources Before & Afters Wellness Plan Blog Contact Us D e n t i s t r y Exceptional, Patient-Focused Dentists in Indianapolis, IN Schedule Now Call (317) 849-3444 Take a Virtual Tour Experience the Difference Dentist in Indianapolis, IN From our spa-like atmosphere to our compassionate, knowledgeable team, we think you’ll feel right at home at Pure Zen Dentistry. One of our goals is to make you feel comfortable and soothe any anxiety you may have. We do this by building lifelong relationships with our patients and combining the latest technology with uncompromising dentistry delivered with a gentle hand.    Dental Implants A dental implant can replace one or more missing teeth to restore proper fun
PAGE https://www.purezendentistry.com/about: About Us | Pure Zen Dentistry D e n t i s t r y 9510 N Meridian St, Suite 250, Indianapolis, IN 46260 (317) 849-3444 Book now About Services Preventive Dentistry Cosmetic Dentistry Restorative Dentistry Minimally Invasive Dentistry TMJ/TMD Treatment Emergencies Fluoride Treatments Night Guards Digital X-Rays Oral Cancer Screenings Dental Sealants At-Home Teeth Whitening Dental Bonding In-Office Teeth Whitening Veneers Dental Crowns Dental Fillings Extractions Crowns and Bridges Root Canal Therapy Dental Bridges Dentures Enameloplasty Diagnostic & Prevention Implant Preparation Abscess Treatment Crown Lengthening Biopsies Bone Grafting Ridge Augmentation Silver Diamine Fluoride Icon (Resin Infiltration) Botox Early Cavity Detection Curodont ICON Treatment Dental Sealants Silver Diamine Fluoride Occlusal Guards Dermal Fillers Gum Builder Treatment Interoral and MouthWatch® Technology Med Spa Treatments Oral Surgery Dental Implants Sedation Dentistry Options Clear Aligners Periodontal Care Curodont Same-Day Crowns Cleaning & Hygiene For Patients Patient Resources Before & Afters Wellness Plan Blog Contact Us about What Makes Us Unique? Advanced Dentistry In A Spa-Like Setting We want to evoke feelings of calm and comfort when you think of Pure Zen Dentistry. Our mission is to make everyone who visits us feel safe and at home in our office. By creating a spa-like atmosphere, we can instantly calm the senses to help you feel more relaxed. Once our patients see the soothing atmosphere we create, we then focus on building long-term relationships to foster trust. We also use state-of-the-art technology, including digital x-rays to increase efficiency and make our patients’ visits more comfortable. These small details combine to create a dental experience unlike any you’ve exper
PAGE https://www.purezendentistry.com/services/tmj-tmd-treatment: D e n t i s t r y 9510 N Meridian St, Suite 250, Indianapolis, IN 46260 (317) 849-3444 Book now About Services Preventive Dentistry Cosmetic Dentistry Restorative Dentistry Minimally Invasive Dentistry TMJ/TMD Treatment Emergencies Fluoride Treatments Night Guards Digital X-Rays Oral Cancer Screenings Dental Sealants At-Home Teeth Whitening Dental Bonding In-Office Teeth Whitening Veneers Dental Crowns Dental Fillings Extractions Crowns and Bridges Root Canal Therapy Dental Bridges Dentures Enameloplasty Diagnostic & Prevention Implant Preparation Abscess Treatment Crown Lengthening Biopsies Bone Grafting Ridge Augmentation Silver Diamine Fluoride Icon (Resin Infiltration) Botox Early Cavity Detection Curodont ICON Treatment Dental Sealants Silver Diamine Fluoride Occlusal Guards Dermal Fillers Gum Builder Treatment Interoral and MouthWatch® Technology Med Spa Treatments Oral Surgery Dental Implants Sedation Dentistry Options Clear Aligners Periodontal Care Curodont Same-Day Crowns Cleaning & Hygiene For Patients Patient Resources Before & Afters Wellness Plan Blog Contact Us TMJ/TMD Treatment in Indianapolis, IN Jaw clicking, soreness, or tension can compromise your comfort and keep you from chewing with natural ease. This pain often stems from TMJ/TMD, a jaw disorder that can be resolved with a variety of minimally invasive, tailored treatments. Find relief with solutions from your dentist today. Schedule Now Schedule your checkup Visit our practice Call (317) 849-3444 Why Should I Get TMJ/TMD Treatment? TMJ/TMD treatment is the best way to restore your oral range of motion, eliminate your pain, and get you back to your day-to-day routine. The pain and discomfort of TMJ/TMD can be extreme, and it can stop you from eating your favorite foods, chewing normally, or even 
PAGE https://www.purezendentistry.com/services/emergencies: D e n t i s t r y 9510 N Meridian St, Suite 250, Indianapolis, IN 46260 (317) 849-3444 Book now About Services Preventive Dentistry Cosmetic Dentistry Restorative Dentistry Minimally Invasive Dentistry TMJ/TMD Treatment Emergencies Fluoride Treatments Night Guards Digital X-Rays Oral Cancer Screenings Dental Sealants At-Home Teeth Whitening Dental Bonding In-Office Teeth Whitening Ve",LOCAL,0.95,Verified,2026-09-29T18:34:54Z,Website clearly represents a single-location dental practice in Indianapolis offering both in-office and at-home teeth whitening services. Public email uses the website domain (info@purezendentistry.com). No evidence of multi-location or enterprise scale.
info@luxiadental.com,Luxia Dental Indianapolis,https://luxiadental.com/,Indianapolis,IN,America/Indiana/Indianapolis,Google Places Text Search -> public website,PASS,ChIJu8jb0R9AhA4Rq5-iAp9AGLc,https://luxiadental.com/,"PAGE https://luxiadental.com/: Dentist in Indianapolis | Luxia Dental Skip to content Home New Patients Patient Specials Insurances Accepted Payment Plans FAQs Dental Services General & Family Dental Services Dental Exams and Digital X-Rays Tooth-Colored Fillings Crowns, Bridges, and Inlays/Onlays Preventive Dentistry Professional Dental Cleanings Cosmetic Dentistry Invisalign® Clear Aligners Porcelain Veneers Professional Teeth Whitening Cosmetic Crowns & Bridges Invisalign Dental Veneers Dentures Emergency dental care Restorative dentistry Root Canal Therapy Tooth Extractions Gentle Tooth Extractions & Socket Preservation About Us Areas We Serve Avon Beech Grove Brownsburg Camby Clayton Clermont Danville Greenwood Lawrence Lebanon Martinsville Marion & Hendricks Counties Mooresville Plainfield Southport Speedway Wayne Township Conditions Bad Breath Bleeding Gums Chipped Tooth Crooked Teeth Dental Anxiety Dry Mouth Jaw Pain Missing Teeth Periodontal Disease Unnatural Teeth Stained Teeth Teeth Grinding Tooth Pain Tooth Sensitivity Careers Blog News Contact Us X Book An Appointment Gentle, Modern & Perfect Smiles Where innovation meets comfort to create naturally perfect smiles. BOOK YOUR APPOINTMENT TODAY MEET THE DOCTOR Led by Care. Backed by Experience. Your Partner in Dental Wellness Meet Dr. Manpreet Dhanjal DDS, BDS Compassionate Family & Cosmetic Dentist in Indianapolis Hi, I’m Dr. Manpreet Dhanjal and I’m so glad you’re here! My dental journey began in India, where I earned my BDS degree and discovered my passion for helping people smile with confidence. I later moved to Toronto, Canada, where I began pursuing dental licensure but like many of us, my plans took a turn during the pandemic. Embracing new opportunities, I relocated to the U.S. and completed my DDS at the University of Colorado Sc
PAGE https://luxiadental.com/dental-services/: Dental Services — Luxia Dental Skip to content Home New Patients Patient Specials Insurances Accepted Payment Plans FAQs Dental Services General & Family Dental Services Dental Exams and Digital X-Rays Tooth-Colored Fillings Crowns, Bridges, and Inlays/Onlays Preventive Dentistry Professional Dental Cleanings Cosmetic Dentistry Invisalign® Clear Aligners Porcelain Veneers Professional Teeth Whitening Cosmetic Crowns & Bridges Invisalign Dental Veneers Dentures Emergency dental care Restorative dentistry Root Canal Therapy Tooth Extractions Gentle Tooth Extractions & Socket Preservation About Us Areas We Serve Avon Beech Grove Brownsburg Camby Clayton Clermont Danville Greenwood Lawrence Lebanon Martinsville Marion & Hendricks Counties Mooresville Plainfield Southport Speedway Wayne Township Conditions Bad Breath Bleeding Gums Chipped Tooth Crooked Teeth Dental Anxiety Dry Mouth Jaw Pain Missing Teeth Periodontal Disease Unnatural Teeth Stained Teeth Teeth Grinding Tooth Pain Tooth Sensitivity Careers Blog News Contact Us X Book An Appointment Dental Services We provide expert dental care, from routine checkups to advanced treatments, ensuring a healthy, beautiful smile. Services Offered Explore our range of dental treatments, including cleanings, fillings, teeth whitening, implants, and more for a healthy smile. General & Family Dental Services Preventive Care to Keep Smiles Healthy Read More PREVENTIVE DENTISTRY Cleanings, fluoride, sealants, exams, and oral cancer screenings. Family-friendly preventive care. Read More RESTORATIVE DENTISTRY Crowns, bridges, dentures, root canals, implant-supported crowns — customized to your needs. Read More COSMETIC DENTISTRY Teeth whitening, veneers, Invisalign®, bonding, and aesthetic crowns. Read More INVISALIGN® & CLEAR ALIGNERS D
PAGE https://luxiadental.com/general-family-dental-services/: Luxia Dental - General Dentistry Services Skip to content Home New Patients Patient Specials Insurances Accepted Payment Plans FAQs Dental Services General & Family Dental Services Dental Exams and Digital X-Rays Tooth-Colored Fillings Crowns, Bridges, and Inlays/Onlays Preventive Dentistry Professional Dental Cleanings Cosmetic Dentistry Invisalign® Clear Aligners Porcelain Veneers Professional Teeth Whitening Cosmetic Crowns & Bridges Invisalign Dental Veneers Dentures Emergency dental care Restorative dentistry Root Canal Therapy Tooth Extractions Gentle Tooth Extractions & Socket Preservation About Us Areas We Serve Avon Beech Grove Brownsburg Camby Clayton Clermont Danville Greenwood Lawrence Lebanon Martinsville Marion & Hendricks Counties Mooresville Plainfield Southport Speedway Wayne Township Conditions Bad Breath Bleeding Gums Chipped Tooth Crooked Teeth Dental Anxiety Dry Mouth Jaw Pain Missing Teeth Periodontal Disease Unnatural Teeth Stained Teeth Teeth Grinding Tooth Pain Tooth Sensitivity Careers Blog News Contact Us X Book An Appointment General & Family Dental Services Preventive Care to Keep Smiles Healthy Regular care helps prevent serious issues and keeps your teeth and gums in top shape: Dental exams and digital X-rays Routine cleanings and gum therapy Fluoride treatments & dental sealants Oral cancer screenings Custom nightguards Restorative Dentistry to Rebuild Confidence When damage or decay happens, we’re here to restore function and beauty: Tooth-colored fillings Crowns, bridges, and inlays/onlays Gentle tooth extractions & socket preservation Root canal therapy with modern rotary tools Full and partial dentures Periodontal maintenance for gum health Pediatric & Geriatric Dental Care Kid-Friendly Visits: Sealants, fluoride, gentle fillings, and
PAGE https://luxiadental.com/about-us/: About Us — Luxia Dental Skip to content Home New Patients Patient Specials Insurances Accepted Payment Plans FAQs Dental Services General & Family Dental Services Dental Exams and Digital X-Rays Tooth-Colored Fillings Crowns, Bridges, and Inlays/Onlays Preventive Dentistry Professional Dental Cleanings Cosmetic Dentistry Invisalign® Clear Aligners Porcelain Veneers Professional Teeth Whitening Cosmetic Crowns & Br",LOCAL,0.95,Verified,2026-09-29T18:35:42Z,"Website clearly represents a real operating dental practice in Indianapolis offering professional teeth whitening services. The business email (info@luxiadental.com) is on the website domain. The practice serves specific local areas (Marion & Hendricks Counties, surrounding suburbs) indicating a local/regional scale rather than national enterprise. Single location at 44 N Girls School Rd with one dentist (Dr. Manpreet Dhanjal) confirms local classification."
info@cosmeticdentistryofsa.com,Cosmetic Dentistry of San Antonio,https://cosmeticdentistryofsa.com/,San Antonio,TX,America/Chicago,Google Places Text Search -> public website,PASS,ChIJBZIVLXZhXIYRYvFCclyZap8,https://cosmeticdentistryofsa.com/contact-us/,"PAGE https://cosmeticdentistryofsa.com/: Cosmetic Dentist San Antonio TX - Modern Dentistry | Dr. Camacho Skip to content Our Team Dr. Edward Camacho Dr. Natalie Pennington Meet The Team Testimonials Awards & Media About Why Us? Office Tour Technology Community Involvement Careers Blog Services Porcelain Veneers Full Mouth Reconstruction Invisalign Invisible Braces Teeth-in-a-Day KöR Whitening Smile Test Drive™ View All Resources Payment / Financing Videos Community Involvement Our Blog Support Our Troops Cherry Finance Gallery Before & After Success Stories Contact Us Virtual Consultation Our Team Dr. Edward Camacho Dr. Natalie Pennington Meet The Team Testimonials Awards & Media About Why Us? Office Tour Technology Community Involvement Careers Blog Services Porcelain Veneers Full Mouth Reconstruction Invisalign Invisible Braces Teeth-in-a-Day KöR Whitening Smile Test Drive™ View All Resources Payment / Financing Videos Community Involvement Our Blog Support Our Troops Cherry Finance Gallery Before & After Success Stories Contact Us Virtual Consultation Request Consultation 16530 Huebner Rd #301, San Antonio, TX 78248 Call Us: 210-493-9944 Request Consultation Call Us 210-493-9944 16530 Huebner Rd #301, San Antonio, TX 78248 New Patients 210-405-3157 Call Us: 210-493-9944 Appointments Call Us San Antonio Cosmetic Dentistry Focused on Custom Veneers, Full-Mouth Reconstruction & Invisalign A fee-for-service dental practice with a primary focus on advanced cosmetic dentistry and comprehensive smile transformation. Request a No-Charge Cosmetic Consultation Schedule a Smile Test Drive Cosmetic Dentistry Is Our Primary Focus While we provide general dentistry as part of comprehensive care, our practice is built around advanced cosmetic treatment designed to create long-lasting, natural-looking results. Custom porc
PAGE https://cosmeticdentistryofsa.com/meet-the-team/: Meet The Team | Cosmetic Dentistry of San Antonio Skip to content Our Team Dr. Edward Camacho Dr. Natalie Pennington Meet The Team Testimonials Awards & Media About Why Us? Office Tour Technology Community Involvement Careers Blog Services Porcelain Veneers Full Mouth Reconstruction Invisalign Invisible Braces Teeth-in-a-Day KöR Whitening Smile Test Drive™ View All Resources Payment / Financing Videos Community Involvement Our Blog Support Our Troops Cherry Finance Gallery Before & After Success Stories Contact Us Virtual Consultation Our Team Dr. Edward Camacho Dr. Natalie Pennington Meet The Team Testimonials Awards & Media About Why Us? Office Tour Technology Community Involvement Careers Blog Services Porcelain Veneers Full Mouth Reconstruction Invisalign Invisible Braces Teeth-in-a-Day KöR Whitening Smile Test Drive™ View All Resources Payment / Financing Videos Community Involvement Our Blog Support Our Troops Cherry Finance Gallery Before & After Success Stories Contact Us Virtual Consultation Request Consultation 16530 Huebner Rd #301, San Antonio, TX 78248 Call Us: 210-493-9944 Request Consultation Call Us 210-493-9944 16530 Huebner Rd #301, San Antonio, TX 78248 New Patients 210-405-3157 Call Us: 210-493-9944 Appointments Call Us Our Dedicated Dental Team At our office, you are not just a patient; you are a valued member of our healthcare family. We believe in open communication, active listening, and fostering a warm and welcoming environment for every individual who walks through our doors. Whether it’s preventive care, or managing chronic conditions, we are dedicated to providing personalized solutions that empower you to lead a healthy and fulfilling life. Stacey Treatment Coordinator Stacey is an enthusiastic member of our staff. We’ve been lucky enough t
PAGE https://cosmeticdentistryofsa.com/about-the-practice/: About The Practice | Cosmetic Dentistry of San Antonio Skip to content Our Team Dr. Edward Camacho Dr. Natalie Pennington Meet The Team Testimonials Awards & Media About Why Us? Office Tour Technology Community Involvement Careers Blog Services Porcelain Veneers Full Mouth Reconstruction Invisalign Invisible Braces Teeth-in-a-Day KöR Whitening Smile Test Drive™ View All Resources Payment / Financing Videos Community Involvement Our Blog Support Our Troops Cherry Finance Gallery Before & After Success Stories Contact Us Virtual Consultation Our Team Dr. Edward Camacho Dr. Natalie Pennington Meet The Team Testimonials Awards & Media About Why Us? Office Tour Technology Community Involvement Careers Blog Services Porcelain Veneers Full Mouth Reconstruction Invisalign Invisible Braces Teeth-in-a-Day KöR Whitening Smile Test Drive™ View All Resources Payment / Financing Videos Community Involvement Our Blog Support Our Troops Cherry Finance Gallery Before & After Success Stories Contact Us Virtual Consultation Request Consultation 16530 Huebner Rd #301, San Antonio, TX 78248 Call Us: 210-493-9944 Request Consultation Call Us 210-493-9944 16530 Huebner Rd #301, San Antonio, TX 78248 New Patients 210-405-3157 Call Us: 210-493-9944 Appointments Call Us About The Practice At our office, you are not just a patient; you are a valued member of our healthcare family. We believe in open communication, active listening, and fostering a warm and welcoming environment for every individual who walks through our doors. Contact Us About The Practice Serving The Greater San Antonio Area Since 1981 Here at Cosmetic Dentistry of San Antonio, Dr. Camacho provides comprehensive general dental care and many specialized services. This way you can have the convenience of getting all the dentistry 
PAGE https://cosmeticdentistryofsa.com/services/: Services | Cosmetic Dentistry of San Antonio Skip to content Our Team Dr. Edward Camacho Dr. Natalie Pennington Meet The Team Testimonials Awards & Media About Why Us? Office Tour Technology Community Involvement Careers Blog Services Porcelain Veneers Full Mouth Reconstruction Invisalign Invisible Braces Teeth-in-a-Day KöR Whitening Smile Test Drive™ View All Resources Payment / Financin",LOCAL,0.95,Verified,2026-09-29T18:36:04Z,"Website clearly represents a real operating cosmetic dental practice at the provided San Antonio address. Single-location fee-for-service practice with two named dentists (Dr. Camacho, Dr. Pennington), serving Greater San Antonio area since 1981. Public email info@cosmeticdentistryofsa.com matches website domain. No evidence of multi-location or national enterprise scale."
frontdesk@midentaldesigns.com,M.I. Dental Designs,https://midentaldesigns.com/,San Antonio,TX,America/Chicago,Google Places Text Search -> public website,PASS,ChIJY8fxcrSJXIYR40z70CgHZyc,https://www.midentaldesigns.com/contact,"PAGE https://www.midentaldesigns.com/: Dentist in San Antonio, TX | M.I. Dental Designs 0 Skip to Content About General Dentistry General Dentistry Comprehensive Dentistry Sedation Dentistry Emergency Dental Care Sleep Apnea Cosmetic Dentistry Cosmetic Dentistry Porcelain Veneers Full Mouth Restoration Digital Smile Design Invisalign® Clear Aligners Teeth Whitening Smile Virtual Restorative Dentistry Restorative Dentistry Dental Implants The All-on-4® Treatment Concept Implant-Supported Dentures Dental Crowns Dental Bonding Smile Gallery Request An Appointment Open Menu Close Menu About General Dentistry General Dentistry Comprehensive Dentistry Sedation Dentistry Emergency Dental Care Sleep Apnea Cosmetic Dentistry Cosmetic Dentistry Porcelain Veneers Full Mouth Restoration Digital Smile Design Invisalign® Clear Aligners Teeth Whitening Smile Virtual Restorative Dentistry Restorative Dentistry Dental Implants The All-on-4® Treatment Concept Implant-Supported Dentures Dental Crowns Dental Bonding Smile Gallery Request An Appointment Open Menu Close Menu About Folder: General Dentistry Back General Dentistry Comprehensive Dentistry Sedation Dentistry Emergency Dental Care Sleep Apnea Folder: Cosmetic Dentistry Back Cosmetic Dentistry Porcelain Veneers Full Mouth Restoration Digital Smile Design Invisalign® Clear Aligners Teeth Whitening Smile Virtual Folder: Restorative Dentistry Back Restorative Dentistry Dental Implants The All-on-4® Treatment Concept Implant-Supported Dentures Dental Crowns Dental Bonding Smile Gallery Request An Appointment DENTIST SAN ANTONIO TX Aesthetics. Precision. Health. WELCOME TO San Antonio’s Comprehensive & Cosmetic Dental Practice People who value beauty, quality, and health gravitate to M.I. Dental Designs. Our patients receive care from the most skilled comprehensive cosmetic
PAGE https://www.midentaldesigns.com/about: Meet Dr. Imam | Cosmetic Dentist in Stone Oak, San Antonio TX 0 Skip to Content About General Dentistry General Dentistry Comprehensive Dentistry Sedation Dentistry Emergency Dental Care Sleep Apnea Cosmetic Dentistry Cosmetic Dentistry Porcelain Veneers Full Mouth Restoration Digital Smile Design Invisalign® Clear Aligners Teeth Whitening Smile Virtual Restorative Dentistry Restorative Dentistry Dental Implants The All-on-4® Treatment Concept Implant-Supported Dentures Dental Crowns Dental Bonding Smile Gallery Request An Appointment Open Menu Close Menu About General Dentistry General Dentistry Comprehensive Dentistry Sedation Dentistry Emergency Dental Care Sleep Apnea Cosmetic Dentistry Cosmetic Dentistry Porcelain Veneers Full Mouth Restoration Digital Smile Design Invisalign® Clear Aligners Teeth Whitening Smile Virtual Restorative Dentistry Restorative Dentistry Dental Implants The All-on-4® Treatment Concept Implant-Supported Dentures Dental Crowns Dental Bonding Smile Gallery Request An Appointment Open Menu Close Menu About Folder: General Dentistry Back General Dentistry Comprehensive Dentistry Sedation Dentistry Emergency Dental Care Sleep Apnea Folder: Cosmetic Dentistry Back Cosmetic Dentistry Porcelain Veneers Full Mouth Restoration Digital Smile Design Invisalign® Clear Aligners Teeth Whitening Smile Virtual Folder: Restorative Dentistry Back Restorative Dentistry Dental Implants The All-on-4® Treatment Concept Implant-Supported Dentures Dental Crowns Dental Bonding Smile Gallery Request An Appointment MEET THE TEAM MEET DR. IMAM He thrives on the engineering & detailed work required to produce world-class dentistry. The three pillars of The M.I. Dental Designs Experience will redefine what you think dentistry is: 1. Aesthetic Excellence: Dr. Imam is ren
PAGE https://www.midentaldesigns.com/contact: Contact 0 Skip to Content About General Dentistry General Dentistry Comprehensive Dentistry Sedation Dentistry Emergency Dental Care Sleep Apnea Cosmetic Dentistry Cosmetic Dentistry Porcelain Veneers Full Mouth Restoration Digital Smile Design Invisalign® Clear Aligners Teeth Whitening Smile Virtual Restorative Dentistry Restorative Dentistry Dental Implants The All-on-4® Treatment Concept Implant-Supported Dentures Dental Crowns Dental Bonding Smile Gallery Request An Appointment Open Menu Close Menu About General Dentistry General Dentistry Comprehensive Dentistry Sedation Dentistry Emergency Dental Care Sleep Apnea Cosmetic Dentistry Cosmetic Dentistry Porcelain Veneers Full Mouth Restoration Digital Smile Design Invisalign® Clear Aligners Teeth Whitening Smile Virtual Restorative Dentistry Restorative Dentistry Dental Implants The All-on-4® Treatment Concept Implant-Supported Dentures Dental Crowns Dental Bonding Smile Gallery Request An Appointment Open Menu Close Menu About Folder: General Dentistry Back General Dentistry Comprehensive Dentistry Sedation Dentistry Emergency Dental Care Sleep Apnea Folder: Cosmetic Dentistry Back Cosmetic Dentistry Porcelain Veneers Full Mouth Restoration Digital Smile Design Invisalign® Clear Aligners Teeth Whitening Smile Virtual Folder: Restorative Dentistry Back Restorative Dentistry Dental Implants The All-on-4® Treatment Concept Implant-Supported Dentures Dental Crowns Dental Bonding Smile Gallery Request An Appointment Request An Appointment Thank you for your interest in M.I. Dental Designs. Please fill out the form below and one of our staff members will set up a date and time that is convenient for you. We take measures to ensure that your privacy is protected. Please read our privacy policy and terms and conditions for 
PAGE https://www.midentaldesigns.com/general-dentistry-san-antonio-tx: General Dentist San Antonio TX | Mi Dental Designs 0 Skip to Content About General Dentistry General Dentistry Comprehensive Dentistry Sedation Dentistry Emergency Dental Care Sleep Apnea Cosmetic Dentistry Cosmetic Dentistry Porcelain Veneers Full Mouth Restoration Digital Smile Design Invisalign® Clear Aligners Teeth Whitening Smile Virtual Restorative Dentistry Restorative Dentistry Dental I",LOCAL,0.95,Verified,2026-09-29T18:36:46Z,"Website clearly represents a single-location cosmetic and comprehensive dental practice in San Antonio (Stone Oak area). Services listed match the target query (cosmetic dentistry, veneers, whitening, Invisalign, smile design). Public email frontdesk@midentaldesigns.com uses the website domain. No evidence of multi-location or national enterprise scale."
info@smiledesignmia.com,Smile Design MIA,https://smiledesignmia.com/,Miami,FL,America/New_York,Google Places Text Search -> public website,PASS,ChIJhcX2zvS32YgR6PR6OI87G1s,https://smiledesignmia.com/,"PAGE https://smiledesignmia.com/: Radiant Dental Smile Design Miami | #1 Veneer in Coral Gables Fl | Smile Design Mia 3850 BIRD RD, SUITE 301, MIAMI, FL 33146 786-360-2749 Home Services Easy Dental Tooth Extractions Gum Contouring Root Canal Implants Smile Design Deal Smile Design Porcelain Veneers Resin Smile Design Blogs Forms Informed Consent Informed Consent for Porcelain Veneers Notice of Non Show Appointment PHI Payment Arrangement Form PATIENT SCREENING FORM Financing Our Labs Reviews Gallery Contact Get A Quote Brightening Miami One Smile At A Time Our goal is to put a smile on your face, and we'll do everything it takes to ensure you receive the best dental smile design Get A Quote: Please enable JavaScript in your browser to complete this form. Single Line Text Email * Phone Services Submit Services High-Quality, comprehensive dental care designed for your unique smile Easy Financing No Credit No Problem, Easy Financing Available Appointments Take the first step towards your perfect dental smile design. Dental Lab Crafting your beautiful smiles right on site with our state-of-the-art dental lab Crafting Radiant Smiles At Smile Design MIA, we are more than just a cosmetic dental clinic; we are architects of happiness, bringing radiant smiles to the beautiful city of Coral Gables, Florida. Located at 3850 Bird Rd, Suite 301, Mimia, FL 33146 , we specialize in designing and improving smiles through the application of eMax Porcelain Veneers and Resin Veneers. Request Appointment | Free Consultation Personalized Cosmetic Dentistry In Miami Our team at Smile Design Miami is dedicated to helping our patients achieve their perfect smile with these high-quality veneers. Whether you're looking to correct minor imperfections or undergo a complete smile transformation, we provide personalized treatments t
PAGE https://smiledesignmia.com/services/: Comprehensive Dental Services in Miami FL | Smile Design Mia 3850 BIRD RD, SUITE 301, MIAMI, FL 33146 786-360-2749 Home Services Easy Dental Tooth Extractions Gum Contouring Root Canal Implants Smile Design Deal Smile Design Porcelain Veneers Resin Smile Design Blogs Forms Informed Consent Informed Consent for Porcelain Veneers Notice of Non Show Appointment PHI Payment Arrangement Form PATIENT SCREENING FORM Financing Our Labs Reviews Gallery Contact Get A Quote Services We Offer Different Services SMILE DESIGN SERVICES Porcelain Smile Design Resin Smile Design Veneer Maintenance Gum Contouring (Gingivectomy) Invisalign Warranty GENERAL DENTISTRY SERVICES Consultation/Checkup Root Canals Cavity/Fillings RESTORATIVE SERVICES Porcelain Crowns Porcelain Bridges Porcelain Veneer ORAL SURGERY SERVICES Implant and Implant Supported Bridges/Dentures Tooth Extractions EASY DENTAL SERVICES Full Arch Dentures Removable Partials Other Service Explore Home Formed consent Formed consent for porcelain veneers Notice of non show appointment Protected health information (phi) and notice of privacy practices Payment arrangement form Patient screening form Patient information Contact Us: Email:info@smiledesignmia.com Tel: 786-360-2749 3850 BIRD RD, SUITE 301, MIAMI, FL 33146 Work Hours: Mon - Fri 9:00 am - 5:00 pm Sat - Sun Closed Find Us in Miami, FL Follow Follow Follow Follow © 2024 All Rights Reserved |Smile Design Mia Terms of Use | Privacy Policy | Disclaimer Make An Appointment | Free Consultation Need Free Consultation Today! Your Dream Smile Starts Here ✖ Please enable JavaScript in your browser to complete this form. Single Line Text Email * Phone Services Submit Need Free Consultation Today! Your Dream Smile Starts Here ✖ Please enable JavaScript in your browser to complete t
PAGE https://smiledesignmia.com/contact-us/: Contact Us | Smile Design Mia 3850 BIRD RD, SUITE 301, MIAMI, FL 33146 786-360-2749 Home Services Easy Dental Tooth Extractions Gum Contouring Root Canal Implants Smile Design Deal Smile Design Porcelain Veneers Resin Smile Design Blogs Forms Informed Consent Informed Consent for Porcelain Veneers Notice of Non Show Appointment PHI Payment Arrangement Form PATIENT SCREENING FORM Financing Our Labs Reviews Gallery Contact Get A Quote Need Complimentary Evaluation for Great Smile. Send us a message Our goal is to put a smile on your face, and we’ll do everything it takes to ensure you receive the best dental smile design. Please enable JavaScript in your browser to complete this form. Single Line Text Email * Phone Services Submit We are located in: 3850 BIRD RD, SUITE 301, MIAMI, FL 33146 You can call us: 786-360-2749 You can email us: info@smiledesignmia.com You will follow us: Follow Follow Follow Follow Explore Home Formed consent Formed consent for porcelain veneers Notice of non show appointment Protected health information (phi) and notice of privacy practices Payment arrangement form Patient screening form Patient information Contact Us: Email:info@smiledesignmia.com Tel: 786-360-2749 3850 BIRD RD, SUITE 301, MIAMI, FL 33146 Work Hours: Mon - Fri 9:00 am - 5:00 pm Sat - Sun Closed Find Us in Miami, FL Follow Follow Follow Follow © 2024 All Rights Reserved |Smile Design Mia Terms of Use | Privacy Policy | Disclaimer Make An Appointment | Free Consultation Need Free Consultation Today! Your Dream Smile Starts Here ✖ Please enable JavaScript in your browser to complete this form. Single Line Text Email * Phone Services Submit",LOCAL,0.95,Verified,2026-09-29T18:38:37Z,"Website clearly represents a real operating cosmetic dental clinic at the listed Miami address. Single location with local phone (786 area code), business hours, and on-site dental lab. Public email info@smiledesignmia.com matches website domain. Services focus on cosmetic dentistry (veneers, smile design) relevant to 'celebrity dentist Miami' query. No evidence of national/enterprise scale."
info@precioussmiles.com,Precious Smiles Cosmetic Dentistry,https://precioussmiles.com/,Miami Beach,FL,America/New_York,Google Places Text Search -> public website,PASS,ChIJASh4mIm02YgRa1DIBFOCm9o,https://precioussmiles.com/,"PAGE https://precioussmiles.com/: Home - Cosmetic Dentistry in Miami Beach, FL - Precious Smiles Skip to content Skip to content (305) 532-9114 Mon - Fri - 8:00 - 4:00 Sat & Sun - CLOSED 1315 Alton Rd. Miami Beach, Fl 33139 US Facebook Instagram Youtube Icon-blogger-1 Home About Us Meet Dr. Mereos Meet Dr. Klostermyer Meet Our Staff Our Services Dental Implants Teeth Whitening Invisalign – Clear Dental Braces Dental Veneers Why Cosmetic Dentistry Family Dentistry Patient Registration Testimonials FAQ Smile Gallery Blog Contact Us Make An Appointment Home About Us Meet Dr. Mereos Meet Dr. Klostermyer Meet Our Staff Our Services Dental Implants Teeth Whitening Invisalign – Clear Dental Braces Dental Veneers Why Cosmetic Dentistry Family Dentistry Patient Registration Testimonials FAQ Smile Gallery Blog Contact Us Make An Appointment Make An Appointment Precious Smiles Cosmetic Dentistry Top Miami Beach Dentists ""Let's make an appointment with our dentist that will change your life"" Welcome to Your Trusted Miami Beach Dental Office At Precious Smiles Cosmetic Dentistry , we take pride in being the go-to Miami Beach dentist for individuals and families seeking top-tier dental care in a welcoming and modern environment. Conveniently located to serve both Miami and Miami Beach , our dental clinic provides comprehensive services to meet all your oral and dental health needs. Comprehensive Dental Services for Every Smile Whether you’re looking for a cosmetic dentist in Miami to enhance your smile, an emergency dentist in Miami for urgent care, or an affordable dentist in Miami for regular check-ups, we’ve got you covered. Our team of skilled professionals offers a full range of treatments, including: Dental Implants in Miami – Restore your smile with long-lasting, natural-looking affordable dental implants in M
PAGE https://precioussmiles.com/about-us/: About Us - Cosmetic Dentistry in Miami Beach, FL - Miami Dentist Skip to content Skip to content (305) 532-9114 Mon - Fri - 8:00 - 4:00 Sat & Sun - CLOSED 1315 Alton Rd. Miami Beach, Fl 33139 US Facebook Instagram Youtube Icon-blogger-1 Home About Us Meet Dr. Mereos Meet Dr. Klostermyer Meet Our Staff Our Services Dental Implants Teeth Whitening Invisalign – Clear Dental Braces Dental Veneers Why Cosmetic Dentistry Family Dentistry Patient Registration Testimonials FAQ Smile Gallery Blog Contact Us Make An Appointment Home About Us Meet Dr. Mereos Meet Dr. Klostermyer Meet Our Staff Our Services Dental Implants Teeth Whitening Invisalign – Clear Dental Braces Dental Veneers Why Cosmetic Dentistry Family Dentistry Patient Registration Testimonials FAQ Smile Gallery Blog Contact Us Make An Appointment Make An Appointment About Our Dental Office The team at Precious Smiles Cosmetic Dentistry is made up of friendly and highly skilled likeminded individuals that are all driven by the same dental mission: to give you the best dental experience possible. Everyone at Precious Smiles, from our front office team to our hygienists and dental assistants want to give you the highest level of quality dental care in a warm, friendly, and safe environment. You will feel this from the moment you step into our office all the way until your scheduled appointment is over. Experience the difference with Precious Smiles. Call us for an appointment today and see why we are the premier dental office of choice for many patients in the Miami Beach area. We look forward to helping you the smile of your dreams, and giving you care unlike any other. Meet Dr. Mereos Meet Our Team Precious Smiles Cosmetic Dentistry What We Do We specialize in dental cosmetic procedures such as teeth whitening , bondi
PAGE https://precioussmiles.com/meet-our-staff/: Meet Our Staff - Cosmetic Dentistry in Miami Beach, FL - Miami Dentist Skip to content Skip to content (305) 532-9114 Mon - Fri - 8:00 - 4:00 Sat & Sun - CLOSED 1315 Alton Rd. Miami Beach, Fl 33139 US Facebook Instagram Youtube Icon-blogger-1 Home About Us Meet Dr. Mereos Meet Dr. Klostermyer Meet Our Staff Our Services Dental Implants Teeth Whitening Invisalign – Clear Dental Braces Dental Veneers Why Cosmetic Dentistry Family Dentistry Patient Registration Testimonials FAQ Smile Gallery Blog Contact Us Make An Appointment Home About Us Meet Dr. Mereos Meet Dr. Klostermyer Meet Our Staff Our Services Dental Implants Teeth Whitening Invisalign – Clear Dental Braces Dental Veneers Why Cosmetic Dentistry Family Dentistry Patient Registration Testimonials FAQ Smile Gallery Blog Contact Us Make An Appointment Make An Appointment Meet Our Dental Staff The team at Precious Smiles Cosmetic Dentistry is made up of friendly and highly skilled likeminded individuals that are all driven by the same dental mission: to give you the best dental experience possible. Everyone at Precious Smiles, from our front office team to our hygienists and dental assistants want to give you the highest level of quality dental care in a warm, friendly, and safe environment. You will feel this from the moment you step into our office all the way until your scheduled appointment is over. Experience the difference with Precious Smiles. Call us for an appointment today and see why we are the premier dental office of choice for many patients in the Miami Beach area. We look forward to helping you the smile of your dreams, and giving you care unlike any other. Our Dental Team Our team is always giving their best to make sure those precious smiles of your dreams become a reality. Click on our team members 
PAGE https://precioussmiles.com/our-services/: Our Services - Cosmetic Dentistry in Miami Beach, FL - Miami Dentist Skip to content Skip to content (305) 532-9114 Mon - Fri - 8:00 - 4:00 Sat & Sun - CLOSED 1315 Alton Rd. Miami Beach, Fl 33139 US Facebook Instagram Youtube Icon-blogger-1 Home About Us Meet Dr. Mereos Meet Dr. Klostermyer Meet Our Staff Our Services Dental Implants Teeth Whitening Invisalign – Clear Dental Braces Dental Veneers Why Cosmetic Dentistry F",LOCAL,0.95,Verified,2026-09-29T18:39:15Z,"Website clearly represents a real operating dental practice at 1315 Alton Rd, Miami Beach, FL. Content shows local focus (serving Miami and Miami Beach), lists specific doctors (Dr. Mereos, Dr. Klostermyer), staff, and services. Public email info@precioussmiles.com matches website domain. No evidence of national/enterprise scale; appears to be a single-location local practice."
info@iwanta5starsmile.com,5 Star Smiles,http://iwanta5starsmile.com/,Coral Gables,FL,America/New_York,Google Places Text Search -> public website,PASS,ChIJrVsAzgy32YgR3nJl0Sxg-6Q,https://www.iwanta5starsmile.com/,"PAGE https://www.iwanta5starsmile.com/: Luxury Cosmetic Dentist Miami | 5 Star Smiles Blog Let's talk 305-930-2400 info@iwanta5starsmile.com 315 Alhambra Circle, Coral Gables, Florida 33134 Opening hours Mon — Fri: 9 AM - 5 PM Sat — Sun: Closed Book an appointment TikTok Instagram Facebook YouTube Transform Your Smile at Miami’s Luxury Cosmetic Dental Studio Experience personalized smile design, porcelain veneers, whitening, and advanced cosmetic dentistry in Coral Gables. Every treatment is carefully planned to create a natural-looking smile that complements your features, confidence, and lifestyle. Book an appointment Book an appointment Blog Leaders in Dental Cosmetics Play 30 + Years Advanced methods for enduring, bright smiles 1 Year Warranty coverage for anything less than perfection 75 Instagram reviews Don’t take our word for it. Listen to the customers 61 % of Americans wish they could change their smile Crooked alignment, yellowing, and even missing teeth lead thousands of Americans to feel ashamed and embarrassed. So what do they do? They quit smiling when they’re in public. They cover their mouths constantly. They never even think about smiling in a photo. And it’s an enormous blow to their confidence and mental health. Afraid of investing in quality? That new smile will support you for the rest of your life. And even though not everyone is ready to invest in a luxury service that will last them a lifetime right up front… That doesn’t mean you should sacrifice quality! Because you deserve that perfect smile. And you deserve the financial flexibility to access an extraordinary service that will give you a life-changing smile. We bring you a truly exclusive experience – without the complications Our team helps you elevate your self-esteem, break free from insecurities, and finally smile when you loo",LOCAL,0.95,Verified,2026-09-29T18:39:36Z,"Website clearly represents a real operating luxury cosmetic dental practice in Coral Gables, Miami area. Single location at 315 Alhambra Circle, local phone (305), domain-matched email info@iwanta5starsmile.com, and content focused on personalized cosmetic dentistry services. No evidence of multi-location or national enterprise operations."
info@highcosmeticdentist.com,High Cosmetic Dentist,http://highcosmeticdentist.com/,Miami,FL,America/New_York,Google Places Text Search -> public website,PASS,ChIJN9mGkCS32YgR9ZFHfyCvhJ0,https://highcosmeticdentist.com/,"PAGE https://highcosmeticdentist.com/: HCD - Home +1(305) 443-9206 info@highcosmeticdentist.com Monday - Friday 9:00am - 5:00pm 4500 NW 7th St, Miami, FL 33126 Home Services Dental Exams Advanced Imaging and Impression Technology Dental Extractions Socket Preservation Dental Implants Root Canal Treatment Dental Crowns Dental Bridges Veneers Smile Design Teeth Whitening Fillings Inlays and Onlays Removable Dentures Dental Cleaning Scaling and Root Planning Dental Sealants Fluoride Emergencies Clear Aligners About Us Contact Us Book Online Because Your Smile Is Our Passion A Better Life Starts with a Beautiful Smile Changing Lives One Smile at a Time High Cosmetic Dentist Is open for you! All Walk-Ins are Welcome! Testimonial What Our Patients Say About High Cosmetic Dentist. I was here on Thursday and I'm very happy with the way they treat me, the staff is very nice and the doctor did a wonderful job. The space is very clean(new), and they have a lot of parking spots, something you don't find easily in the area. 100% recommended. Daniel Hernandez Patient Great practice. Convenient location. Premises are very clean and there is plenty of parking in the building. Dr Aleman is an excellent and very experienced dentist. He makes sure his staff provides the highest level of service. Highly recommend this practice. Teresa Rojas Patient No one enjoys going to the dentist… but Dr. Aleman makes the experience as enjoyable as possible. He’s super patient and took the time to explain the treatment plan in detail, answering all my questions and providing all alternatives available. What I most enjoyed about my experience is his ability to consider financial constraints when providing treatment recommendations. In an ideal world we could get the most expensive treatments all the time, but sadly this isn’t a reality for mo
PAGE https://highcosmeticdentist.com/Services: HCD - Services +1(305) 443-9206 info@highcosmeticdentist.com Monday - Friday 9:00am - 5:00pm 4500 NW 7th St, Miami, FL 33126 Home Services Dental Exams Advanced Imaging and Impression Technology Dental Extractions Socket Preservation Dental Implants Root Canal Treatment Dental Crowns Dental Bridges Veneers Smile Design Teeth Whitening Fillings Inlays and Onlays Removable Dentures Dental Cleaning Scaling and Root Planning Dental Sealants Fluoride Emergencies Clear Aligners About Us Contact Us Book Online Our Services Home Services Dental Exam Read more Advanced Imaging and Impression Technology Read more Dental Extractions Read more Socket Preservation Read more Dental Implants Read more Root Canal Treatment Read more Dental Crowns Read more Dental Bridges Read more Veneers Read more Smile Design Read more Teeth Whitening Read more Fillings Read more Inlays and Onlays Read more Removable Dentures Read more Dental Cleanings Read more Scaling and Root Planning Read more Dental Sealants Read more Fluoride Read more Emergencies Read more Clear Aligners Read more Copyright © High Cosmetic Dentist. All Rights Reserved. HIPAA Notice of Privacy Practices | Privacy Policy | Terms and Conditions
PAGE https://highcosmeticdentist.com/Services/DentalExam: HCD - Dental Exam +1(305) 443-9206 info@highcosmeticdentist.com Monday - Friday 9:00am - 5:00pm 4500 NW 7th St, Miami, FL 33126 Home Services Dental Exams Advanced Imaging and Impression Technology Dental Extractions Socket Preservation Dental Implants Root Canal Treatment Dental Crowns Dental Bridges Veneers Smile Design Teeth Whitening Fillings Inlays and Onlays Removable Dentures Dental Cleaning Scaling and Root Planning Dental Sealants Fluoride Emergencies Clear Aligners About Us Contact Us Book Online Dental Exam Home Services Dental Exam -- Our Services -- Dental Exams Advanced Imaging and Impression Technology Dental Extractions Socket Preservation Dental Implants Root Canal Treatment Dental Crowns Dental Bridges Veneers Smile Design Teeth Whitening Fillings Inlays and Onlays Removable Dentures Dental Cleaning Scaling and Root Planning Dental Sealants Fluoride Emergencies Clear Aligners Dental Exam At High Cosmetic Dentist, we prioritize your oral health with thorough dental exams. Our skilled team conducts comprehensive assessments to ensure early detection of issues and personalized treatment plans. We use advanced diagnostic tools, like digital X-Rays and 3D imaging, to detect any signs of decay, gum disease, or other dental issues. Beyond just checking for problems, our exams are about prevention and education. We take the time to discuss proper oral hygiene techniques, answer any questions you may have, and tailor recommendations to your specific needs. Regular dental exams not only help maintain your oral health but can also identify potential problems early, saving you time, discomfort, and expense down the road. Trust our dedicated team to provide thorough and compassionate care during every visit. Copyright © High Cosmetic Dentist. All Rights Reserved. H
PAGE https://highcosmeticdentist.com/Services/AIIT: HCD - Advanced Imaging and Impression Technology +1(305) 443-9206 info@highcosmeticdentist.com Monday - Friday 9:00am - 5:00pm 4500 NW 7th St, Miami, FL 33126 Home Services Dental Exams Advanced Imaging and Impression Technology Dental Extractions Socket Preservation Dental Implants Root Canal Treatment Dental Crowns Dental Bridges Veneers Smile Design Teeth Whitening Fillings Inlays and Onlays Removable Dentures Dental Cleaning Scaling and Root Planning Dental Sealants Fluoride Emergencies Clear Aligners About Us Contact Us Book Online Dental Exam Home Services Advanced Imaging and Impression Technology -- Our Services -- Dental Exams Advanced Imaging and Impression Technology Dental Extractions Socket Preservation Dental Implants Root Canal Treatment Dental Crowns Dental Bridges Veneers Smile Design Teeth Whitening Fillings Inlays and Onlays Removable Dentures Dental Cleaning Scaling and Root Planning Dental Sealants Fluoride Emergencies Clear Aligners Advanced Imaging and Impressi",LOCAL,0.95,Verified,2026-09-29T18:39:42Z,"Website clearly represents a real operating dental practice at the given Miami address with matching phone, email, and detailed service pages. Single-location practice with local focus, walk-ins welcome, and patient testimonials referencing the specific location. Public email uses the website domain. No evidence of multi-location or enterprise scale."
info@miamiveneers.com,Miami Veneers and Modern Dentistry,https://miamiveneers.com/,Aventura,FL,America/New_York,Google Places Text Search -> public website,PASS,ChIJ3S7qWkut2YgRl2Xdtf9legk,https://miamiveneers.com/,"PAGE https://miamiveneers.com/: Miami Veneers & Modern Dentistry – Miami Veneers is South Florida’s premier destination for smile transformations. Skip to content Home Smile Gallery Services Porcelain Veneers Invisalign Teeth Whitening More About Us Contact info@miamiveneers.com (305) 627 3980 +1 (786) 520 1509 Make Appointment Home Smile Gallery Services Porcelain Veneers Invisalign Teeth Whitening More About Us Contact Make Appointment Miami Veneers is South Florida’s premier destination for smile transformations. We specialize in porcelain veneers, Invisalign®, teeth whitening, and professional cleanings—delivering natural, lasting results in a modern and welcoming setting. Our Location Serena Hotel, 2820 NE 214th St Office Suite 700, Aventura, FL 33180 info@miamiveneers.com +1 (786) 520-1509 (305) 627 3980 Monday: 11:00AM - 07:00PM Tuesday: 9:00AM - 05:00PM Wednesday: 12:00PM - 08:00PM Thursday: 09:00PM - 05:00PM Friday: 09:00PM - 03:00PM Social Media Jki-facebook-light Jki-instagram-1-light Youtube Are you ready to improve your Confidence Smile Best Self From subtle smile upgrades to full transformations, we specialize in natural-looking veneers , Invisalign , whitening , and cleaning treatments tailored just for you. Get Started Dental Services Explore Our Services At Miami Veneers , we believe a radiant, healthy smile is life-changing. Discover our most popular treatments. All Services Porcelain Veneers Custom-crafted to enhance your natural beauty. No bulky, fake-looking smiles—just perfection. Read More Invisalign Clear Aligners Discreet, comfortable, and effective alignment for straighter teeth without metal braces. Read More Teeth Whitening Brighten your smile several shades in one visit using our safe, effective technology. Read More Best Dental Care We Are Dental Care Experts with the Bes
PAGE https://miamiveneers.com/services/: Services – Miami Veneers & Modern Dentistry Skip to content Home Smile Gallery Services Porcelain Veneers Invisalign Teeth Whitening More About Us Contact info@miamiveneers.com (305) 627 3980 +1 (786) 520 1509 Make Appointment Home Smile Gallery Services Porcelain Veneers Invisalign Teeth Whitening More About Us Contact Make Appointment Miami Veneers is South Florida’s premier destination for smile transformations. We specialize in porcelain veneers, Invisalign®, teeth whitening, and professional cleanings—delivering natural, lasting results in a modern and welcoming setting. Our Location Serena Hotel, 2820 NE 214th St Office Suite 700, Aventura, FL 33180 info@miamiveneers.com +1 (786) 520-1509 (305) 627 3980 Monday: 11:00AM - 07:00PM Tuesday: 9:00AM - 05:00PM Wednesday: 12:00PM - 08:00PM Thursday: 09:00PM - 05:00PM Friday: 09:00PM - 03:00PM Social Media Jki-facebook-light Jki-instagram-1-light Youtube Dental Services Explore Our Cosmetic Dental Services At Miami Veneers , we specialize in crafting confident smiles through advanced cosmetic dentistry. Whether you’re looking for a complete transformation or a subtle enhancement, our services are tailored to fit your needs—with veneers leading the way. Porcelain Veneers Our signature service. Custom-designed porcelain veneers that match your features and boost your natural beauty—without looking fake or overdone. Read More Invisalign Clear, comfortable, and discreet. Invisalign aligners straighten your teeth without the hassle of metal braces, designed to fit your lifestyle. Read More Teeth Whitening Professional-grade teeth whitening treatments that deliver instant, visible brightness without sensitivity. Perfect for special events or regular upkeep. Read More More Services EMS Airflow Cleaning A gentle, advanced system 
PAGE https://miamiveneers.com/about-us/: About Us – Miami Veneers & Modern Dentistry Skip to content Home Smile Gallery Services Porcelain Veneers Invisalign Teeth Whitening More About Us Contact info@miamiveneers.com (305) 627 3980 +1 (786) 520 1509 Make Appointment Home Smile Gallery Services Porcelain Veneers Invisalign Teeth Whitening More About Us Contact Make Appointment Miami Veneers is South Florida’s premier destination for smile transformations. We specialize in porcelain veneers, Invisalign®, teeth whitening, and professional cleanings—delivering natural, lasting results in a modern and welcoming setting. Our Location Serena Hotel, 2820 NE 214th St Office Suite 700, Aventura, FL 33180 info@miamiveneers.com +1 (786) 520-1509 (305) 627 3980 Monday: 11:00AM - 07:00PM Tuesday: 9:00AM - 05:00PM Wednesday: 12:00PM - 08:00PM Thursday: 09:00PM - 05:00PM Friday: 09:00PM - 03:00PM Social Media Jki-facebook-light Jki-instagram-1-light Youtube About Miami Veneers We Have 13+ Years of Expertise in Transforming Smiles At Miami Veneers , we’re more than just a dental office—we’re South Florida’s go-to destination for luxury cosmetic smile makeovers. Led by Dr. Dina, our team blends cutting-edge technology with artistic precision to create natural-looking veneers that enhance your unique features. Whether you’re seeking a complete transformation or subtle enhancements through Invisalign , teeth whitening , or a professional cleaning , we’re here to make your dream smile a reality. Best Dental Service Patient Safety Treatment Professional Dentist Affordable Pricing Free Consultation 0 + Dental Problems Solved Book Appointment Best Dental Care We Deliver the Best in Modern Cosmetic Dentistry From the moment you walk through our doors, your comfort, confidence, and smile are our priorities. We take a personalized appr
PAGE https://miamiveneers.com/contact/: Contact Us – Miami Veneers & Modern Dentistry Skip to content Home Smile Gallery Services Porcelain Veneers Invisalign Teeth Whitening More About Us Contact info@miamiveneers.com (305) 627 3980 +1 (786) 520 1509 Make Appointment Home Smile Gallery Services Porcelain Veneers Invisalign Teeth Whitening More About Us Contact Make Appointment Miami Veneers is South Florida’s premier destination for smile transformations. We specialize in porce",LOCAL,0.95,Verified,2026-09-29T18:39:48Z,"Website clearly represents a real operating cosmetic dental practice in Aventura, FL (Miami metro area). Single location at Serena Hotel, led by Dr. Dina with 13+ years expertise. Services match 'celebrity dentist' query (porcelain veneers, Invisalign, whitening). Public email info@miamiveneers.com is on the website domain. No evidence of national/global enterprise scale."
info@miamiperfectsmile.com,Miami Perfect Smile,https://miamiperfectsmile.com/,Doral,FL,America/New_York,Google Places Text Search -> public website,PASS,ChIJAzC6Ucu72YgR452DdKM-m4c,https://miamiperfectsmile.com/contact-us/,"PAGE https://miamiperfectsmile.com/: Start Your Smile Makeover Now | Miami Perfect Smile Skip to content Home Our Team Treatment Denture White Fillings Laser Dentistry Cosmetic Dentistry Porcelain Veneers Veneers in Miami Smile Design Dental Implants Front Tooth Implant All on 4 Dental Implants Full Dental Implants Mini Dental Implants Composite Filling Teeth Bonding Tooth Whitening Zoom Teeth Whitening Gummy Smile Surgery Teeth Contouring Restorative Dentistry Root Canal Treatment Denture Composite Bonding Inlays & Onlays Crown & Bridges Smile Gallery Blog Contact Us Online Consultation ES Online Consultation ES Home General Dentistry Denture White Fillings Laser Dentistry Cosmetic Dentistry Porcelain Veneers Smile Design Dental Implants Composite Filling Teeth Bonding in Miami Tooth Whitening Gummy Smile Teeth Contouring Restorative Dentistry Root Canal Treatment Denture Composite Bonding Inlays & Onlays Crown & Bridges Blog Smile Gallery Contact Us Menu Home General Dentistry Denture White Fillings Laser Dentistry Cosmetic Dentistry Porcelain Veneers Smile Design Dental Implants Composite Filling Teeth Bonding in Miami Tooth Whitening Gummy Smile Teeth Contouring Restorative Dentistry Root Canal Treatment Denture Composite Bonding Inlays & Onlays Crown & Bridges Blog Smile Gallery Contact Us Welcome to Miami Perfect Smile Ever wanted to have that perfect smile? Miami Perfect Smile is here for you! BOOK CONSULTATION Emergency? Please Call Us at 305 204 9231 Opening Hours Monday - Friday 9AM–6PM Saturday - Sunday Closed Ready to Schedule Your Appointment? Name Phone Email This site is protected by reCAPTCHA and the Google Privacy Policy and Terms of Service apply. Submit Services What We Offer Teeth Cleaning Dental Implants Porcelain Veneers Root Canal Teeth Whitening Dental Crowns PORCELAIN VENEERS Porce
PAGE https://miamiperfectsmile.com/contact-us/: Contact Us - Miami Perfect Smile Skip to content Home Our Team Treatment Denture White Fillings Laser Dentistry Cosmetic Dentistry Porcelain Veneers Veneers in Miami Smile Design Dental Implants Front Tooth Implant All on 4 Dental Implants Full Dental Implants Mini Dental Implants Composite Filling Teeth Bonding Tooth Whitening Zoom Teeth Whitening Gummy Smile Surgery Teeth Contouring Restorative Dentistry Root Canal Treatment Denture Composite Bonding Inlays & Onlays Crown & Bridges Smile Gallery Blog Contact Us Online Consultation ES Online Consultation ES Home General Dentistry Denture White Fillings Laser Dentistry Cosmetic Dentistry Porcelain Veneers Smile Design Dental Implants Composite Filling Teeth Bonding in Miami Tooth Whitening Gummy Smile Teeth Contouring Restorative Dentistry Root Canal Treatment Denture Composite Bonding Inlays & Onlays Crown & Bridges Blog Smile Gallery Contact Us Menu Home General Dentistry Denture White Fillings Laser Dentistry Cosmetic Dentistry Porcelain Veneers Smile Design Dental Implants Composite Filling Teeth Bonding in Miami Tooth Whitening Gummy Smile Teeth Contouring Restorative Dentistry Root Canal Treatment Denture Composite Bonding Inlays & Onlays Crown & Bridges Blog Smile Gallery Contact Us Contact Us Name Phone Email Message This site is protected by reCAPTCHA and the Google Privacy Policy and Terms of Service apply. Submit Contact Us Getting in touch with us is easy. Leave us your information and we will contact you as soon as possible. You can call us with any questions or inquiriat es (305) 204-9231 Get in Connect Follow our Social Media Facebook Instagram Youtube Transforming Smiles, Enhancing Lives – Experience the Art of Perfect Dentistry at Miami Perfect Smile. Learn More Traveling from out state Veneers in Miami",LOCAL,0.9,Verified,2026-09-29T18:40:38Z,"Website clearly represents a real operating dental clinic at a single Doral, FL address with a local phone number (305 area code), specific services listed, and a public business email on the website domain (info@miamiperfectsmile.com). No evidence of national/global enterprise scale."
office@jaxdentalstudio.com,JAX Dental Studio,https://jaxdentalstudio.com/,Jacksonville,FL,America/New_York,Google Places Text Search -> public website,PASS,ChIJl-j0q-e35YgR3kEEXoUMTt0,https://www.jaxdentalstudio.com/,"PAGE https://www.jaxdentalstudio.com/: Dentist in Jacksonville, FL | JAX Dental Studio Skip to content About Our Team Our Office Our Blog Services Cosmetic Dentistry Veneers Teeth Whitening White Spot Removal Smile Makeover Dental Bonding Restorative Dentistry Dental Crowns Dental Fillings Bridges Full-Mouth Restorations Dentures Root Canal Therapy Inlays and Onlays Preventive Dentistry Exams and Cleanings Dental Sealants Oral Cancer Screenings Fluoride Treatments Dental X-Rays Orthodontics Invisalign Early Orthodontics (Phase 1) Night Guards Retainers Sports Mouthguards Periodontics Gum Disease Treatment Emergency Dentistry Oral Surgery Extractions Wisdom Teeth Removal Dental Implants Laser Dentistry TMJ Treatment Insurances + Financing Membership Plan Areas We Serve San Marco, FL Lakewood, FL Miramar, FL Contact About Our Team Our Office Our Blog Services Cosmetic Dentistry Veneers Teeth Whitening White Spot Removal Smile Makeover Dental Bonding Restorative Dentistry Dental Crowns Dental Fillings Bridges Full-Mouth Restorations Dentures Root Canal Therapy Inlays and Onlays Preventive Dentistry Exams and Cleanings Dental Sealants Oral Cancer Screenings Fluoride Treatments Dental X-Rays Orthodontics Invisalign Early Orthodontics (Phase 1) Night Guards Retainers Sports Mouthguards Periodontics Gum Disease Treatment Emergency Dentistry Oral Surgery Extractions Wisdom Teeth Removal Dental Implants Laser Dentistry TMJ Treatment Insurances + Financing Membership Plan Areas We Serve San Marco, FL Lakewood, FL Miramar, FL Contact BOOK ONLINE 24/7 About Our Team Our Office Our Blog Services Cosmetic Dentistry Veneers Teeth Whitening White Spot Removal Smile Makeover Dental Bonding Restorative Dentistry Dental Crowns Dental Fillings Bridges Full-Mouth Restorations Dentures Root Canal Therapy Inlays and Onlays Prevent
PAGE https://www.jaxdentalstudio.com/about: About JAX Dental Studio | Our Team & Mission Skip to content About Our Team Our Office Our Blog Services Cosmetic Dentistry Veneers Teeth Whitening White Spot Removal Smile Makeover Dental Bonding Restorative Dentistry Dental Crowns Dental Fillings Bridges Full-Mouth Restorations Dentures Root Canal Therapy Inlays and Onlays Preventive Dentistry Exams and Cleanings Dental Sealants Oral Cancer Screenings Fluoride Treatments Dental X-Rays Orthodontics Invisalign Early Orthodontics (Phase 1) Night Guards Retainers Sports Mouthguards Periodontics Gum Disease Treatment Emergency Dentistry Oral Surgery Extractions Wisdom Teeth Removal Dental Implants Laser Dentistry TMJ Treatment Insurances + Financing Membership Plan Areas We Serve San Marco, FL Lakewood, FL Miramar, FL Contact About Our Team Our Office Our Blog Services Cosmetic Dentistry Veneers Teeth Whitening White Spot Removal Smile Makeover Dental Bonding Restorative Dentistry Dental Crowns Dental Fillings Bridges Full-Mouth Restorations Dentures Root Canal Therapy Inlays and Onlays Preventive Dentistry Exams and Cleanings Dental Sealants Oral Cancer Screenings Fluoride Treatments Dental X-Rays Orthodontics Invisalign Early Orthodontics (Phase 1) Night Guards Retainers Sports Mouthguards Periodontics Gum Disease Treatment Emergency Dentistry Oral Surgery Extractions Wisdom Teeth Removal Dental Implants Laser Dentistry TMJ Treatment Insurances + Financing Membership Plan Areas We Serve San Marco, FL Lakewood, FL Miramar, FL Contact BOOK ONLINE 24/7 About Our Team Our Office Our Blog Services Cosmetic Dentistry Veneers Teeth Whitening White Spot Removal Smile Makeover Dental Bonding Restorative Dentistry Dental Crowns Dental Fillings Bridges Full-Mouth Restorations Dentures Root Canal Therapy Inlays and Onlays Preventive
PAGE https://www.jaxdentalstudio.com/about/our-team: Our Dental Team Jacksonville FL | JAX Dental Studio Skip to content About Our Team Our Office Our Blog Services Cosmetic Dentistry Veneers Teeth Whitening White Spot Removal Smile Makeover Dental Bonding Restorative Dentistry Dental Crowns Dental Fillings Bridges Full-Mouth Restorations Dentures Root Canal Therapy Inlays and Onlays Preventive Dentistry Exams and Cleanings Dental Sealants Oral Cancer Screenings Fluoride Treatments Dental X-Rays Orthodontics Invisalign Early Orthodontics (Phase 1) Night Guards Retainers Sports Mouthguards Periodontics Gum Disease Treatment Emergency Dentistry Oral Surgery Extractions Wisdom Teeth Removal Dental Implants Laser Dentistry TMJ Treatment Insurances + Financing Membership Plan Areas We Serve San Marco, FL Lakewood, FL Miramar, FL Contact About Our Team Our Office Our Blog Services Cosmetic Dentistry Veneers Teeth Whitening White Spot Removal Smile Makeover Dental Bonding Restorative Dentistry Dental Crowns Dental Fillings Bridges Full-Mouth Restorations Dentures Root Canal Therapy Inlays and Onlays Preventive Dentistry Exams and Cleanings Dental Sealants Oral Cancer Screenings Fluoride Treatments Dental X-Rays Orthodontics Invisalign Early Orthodontics (Phase 1) Night Guards Retainers Sports Mouthguards Periodontics Gum Disease Treatment Emergency Dentistry Oral Surgery Extractions Wisdom Teeth Removal Dental Implants Laser Dentistry TMJ Treatment Insurances + Financing Membership Plan Areas We Serve San Marco, FL Lakewood, FL Miramar, FL Contact BOOK ONLINE 24/7 About Our Team Our Office Our Blog Services Cosmetic Dentistry Veneers Teeth Whitening White Spot Removal Smile Makeover Dental Bonding Restorative Dentistry Dental Crowns Dental Fillings Bridges Full-Mouth Restorations Dentures Root Canal Therapy Inlays and Onlays Pre
PAGE https://www.jaxdentalstudio.com/about/our-office: Our Office Jacksonville FL | JAX Dental Studio Skip to content About Our Team Our Office Our Blog Services Cosmetic Dentistry Veneers Teeth Whitening White Spot Removal Smile Makeover Dental Bonding Restorative Dentistry Dental Crowns Dental Fillings Bridges Full-Mouth Restorations Dentures Root Canal Therapy Inlays and Onlays Preventive Dentistry Exams and Cleanings Dental Sealants Oral Cancer Screenin",LOCAL,0.95,Verified,2026-09-29T18:41:16Z,"Website clearly represents a real operating dental practice in Jacksonville, FL offering dental crowns (relevant to metal-free crowns query). Single location at 3647 Hendricks Ave serving specific local neighborhoods (San Marco, Lakewood, Miramar). Public email office@jaxdentalstudio.com matches website domain. No evidence of national/enterprise scale."
info@altenbachdentistry.com,Altenbach Dentistry,https://altenbachdentistry.com/,Jacksonville,FL,America/New_York,Google Places Text Search -> public website,PASS,ChIJ8aS_j5zJ5YgRRl7kgcvgQQE,https://www.altenbachdentistry.com/contact.html,"PAGE https://www.altenbachdentistry.com/: Dentist Jacksonville, FL | Altenbach Dentistry 8841 San Jose Boulevard, Jacksonville, FL 32217 Text us Download Forms Pay Online (904) 448-0441 Request an Appointment About Us What Sets Us Apart Meet Dr. Altenbach Tour Our Office Smile Gallery Community Involvement Dental Technology Blog Services I Need a Checkup & Cleaning I Need a Dentist for My Child I Have a Cavity or Broken Tooth Dental Crowns I am Missing One or More Tooth Dental Implants Dentures I Want to Improve My Smile Veneers Altenbach Clear Aligners Invisalign Teeth Whitening Smile Makeover I am Worried about Sleep Apnea I am Scared of the Dentist I Have Jaw Pain I Have a Dental Emergency Patient Info Your First Visit Patient Forms Pay Online Dental Financing Membership Plan FAQs Post-Op Instructions Reviews Financing Contact Office Info Request an Appointment Areas We Serve Dentist Near Beauclerc Dentist Near Monclair Dentist Near Goodbys Creek Dentist Jacksonville A Legacy of Dental Excellence Since 1946 Jacksonville has trusted our dental practice for over 70 years, and we canât wait to show you why. Why Choose Altenbach Dentistry? HERITAGE Just the 4th dentist since the practice opened in 1946. COMPASSION We donât treat teeth â we take great care of people. HIGH-TECH We combine state-of-the-art technology with old-school customer service. COMPREHENSIVE More services completed in-house to minimize referrals. Meet the Dentist Get to Know Dr. Altenbach Dr. Altenbach is just the fourth dentist to lead our dental practice near Monclair since it first opened, and a previous dentist, Dr. Wagner, is a family friend. His goal is to build upon the trust and sterling reputation this office has earned over the decades while taking a technology-forward approach. This way, whenever you come to see us, you get t
PAGE https://www.altenbachdentistry.com/about-us.html: About Altenbach Dentistry in Jacksonville, FL 8841 San Jose Boulevard, Jacksonville, FL 32217 Text us Download Forms Pay Online (904) 448-0441 Request an Appointment About Us What Sets Us Apart Meet Dr. Altenbach Tour Our Office Smile Gallery Community Involvement Dental Technology Blog Services I Need a Checkup & Cleaning I Need a Dentist for My Child I Have a Cavity or Broken Tooth Dental Crowns I am Missing One or More Tooth Dental Implants Dentures I Want to Improve My Smile Veneers Altenbach Clear Aligners Invisalign Teeth Whitening Smile Makeover I am Worried about Sleep Apnea I am Scared of the Dentist I Have Jaw Pain I Have a Dental Emergency Patient Info Your First Visit Patient Forms Pay Online Dental Financing Membership Plan FAQs Post-Op Instructions Reviews Financing Contact Office Info Request an Appointment Areas We Serve Dentist Near Beauclerc Dentist Near Monclair Dentist Near Goodbys Creek About Our Dental Office – Jacksonville, FL Trustworthy, Honest Dentistry When entrusting your smile to our team at Altenbach Dentistry, you’ll discover we are very different from other dental offices in Jacksonville. From our history of helping patients since 1946 to the forward-thinking and commitment to providing high-quality, advanced dental technology, we believe in the power of a healthy smile and will go to great lengths to help you achieve your smile goals. We invite you to review the following information and allow us to better serve you and your family’s smiles. Heritage Founded in 1946 by Dr. Reuben Groom, our dental practice has been blessed to serve generations through the hands of Dr. Robert Wagner and Dr. Heather Alton, and now Dr. Altenbach, who has led the practice since 2013. As the fourth solo dentist at our practice, we cater to families and are pl
PAGE https://www.altenbachdentistry.com/services.html: Dental Services Jacksonville, FL | Dental Crowns | Dental Implants 8841 San Jose Boulevard, Jacksonville, FL 32217 Text us Download Forms Pay Online (904) 448-0441 Request an Appointment About Us What Sets Us Apart Meet Dr. Altenbach Tour Our Office Smile Gallery Community Involvement Dental Technology Blog Services I Need a Checkup & Cleaning I Need a Dentist for My Child I Have a Cavity or Broken Tooth Dental Crowns I am Missing One or More Tooth Dental Implants Dentures I Want to Improve My Smile Veneers Altenbach Clear Aligners Invisalign Teeth Whitening Smile Makeover I am Worried about Sleep Apnea I am Scared of the Dentist I Have Jaw Pain I Have a Dental Emergency Patient Info Your First Visit Patient Forms Pay Online Dental Financing Membership Plan FAQs Post-Op Instructions Reviews Financing Contact Office Info Request an Appointment Areas We Serve Dentist Near Beauclerc Dentist Near Monclair Dentist Near Goodbys Creek Dental Services – Jacksonville, FL Quality Dental Care for Your Entire Family Our dental practice has a long history of helping patients smile, and Dr. Altenbach is proud to continue that tradition. We welcome patients from ages 3 to 103, and we offer a wide range of dental services in one location. We love interacting with people, and you can count on our team to take their time with you to make sure that you get the best care available. To learn more about the different dental services in Jacksonville that we use to put a smile on your face, give our dental office a call today. I Need a Checkup & Cleaning Dental Checkups & Teeth Cleanings Oral Cancer Screening Nightguards for Bruxism Gum Disease Treatment Fluoride Treatment I Need a Dentist for My Child Your Child’s First Visit Dental Sealants Athletic Mouthguards I Have a Cavity or Broken Toot
PAGE https://www.altenbachdentistry.com/sleep-apnea-treatment.html: Sleep Apnea Treatment Jacksonville, FL | Stop Snoring | Altenbach Dentistry 8841 San Jose Boulevard, Jacksonville, FL 32217 Text us Download Forms Pay Online (904) 448-0441 Request an Appointment About Us What Sets Us Apart Meet Dr. Altenbach Tour Our Office Smile Gallery Community Involvement Dental Technology Blog Services I Need a Checkup & Cleaning I Need a Dentist for M",LOCAL,0.95,Verified,2026-09-29T18:42:08Z,"Website clearly represents a real, operating dental practice in Jacksonville, FL since 1946. Single location at 8841 San Jose Blvd. Offers dental crowns (relevant to 'metal free crowns' query). Public email info@altenbachdentistry.com matches website domain. Local/regional scale with community focus and heritage messaging."
info@jaxsmilesdentistry.com,Jax Smiles Dentistry,http://jaxsmilesdentistry.com/,Jacksonville,FL,America/New_York,Google Places Text Search -> public website,PASS,ChIJez17FZu15YgRXmfLdhZZHaA,https://www.jaxsmilesdentistry.com/,"PAGE https://www.jaxsmilesdentistry.com/: Emergency Dentist in Jacksonville, Florida- Jax Smiles Dentistry Skip to content Jax Smiles Dentistry Email: info@jaxsmilesdentistry.com Location: 6416 Arlington Road, Jacksonville, FL Call Us: (904) 701-3883 Facebook-f Instagram Youtube Home About Meet Your Team Why Us? Smiles Savings Plan Services Preventative Care Botox & Dermal Fillers Crown Lengthening Custom Sports & Night Guards Dental Implants Dental Veneers Extraction Restorative Dentistry Dentures and Partial Dentures Periodontal Gum Care Clear Aligners Infection & Swelling Kid’s (Pediatric) Dentistry Cosmetic Dentistry Laser Surgery Metal-Free Crowns Oral Cancer Screening Root Canal Therapy Routine Dental Exams Special Services Sealants & Fluoride Teeth Whitening Tooth-Colored Fillings TMJ & Teeth Grinding Tooth Pain Wisdom Teeth Removal General Dentistry Tooth-Colored Fillings Metal-Free Crowns Kid’s (Pediatric) Dentistry Dentures and Partial Dental Implants Cosmetic Dentistry Teeth Whitening Dental Veneers Clear Aligners Crown Lengthening Botox & Dermal Fillers Preventative Dentistry Routine Dental Exams Periodontal Gum Care Sealants & Fluoride Custom Sport & Night Guards TMJ & Teeth Grinding Emergency Dental Care Tooth Pain Infection & Swelling Root Canal Therapy Wisdom Teeth Removal Sedation Gallery Blog Contact Us X BOOK NOW SlideShow Family Slide 1 A Smile That Radiates Confidence High-quality cosmetic dentistry to ensure your smile is as radiant as it is healthy. Learn More Slide 3 Skilled Dental Care by Leading Experts Our team of expert dental professionals is here to provide unparalleled dental health solutions. Learn More Slide 2 Cutting-Edge Dental Solutions in Florida Get tailored dental care solutions for you and your family with the latest technologies and procedures in dentistry. Request An Ap
PAGE https://www.jaxsmilesdentistry.com/: Emergency Dentist in Jacksonville, Florida- Jax Smiles Dentistry Skip to content Jax Smiles Dentistry Email: info@jaxsmilesdentistry.com Location: 6416 Arlington Road, Jacksonville, FL Call Us: (904) 701-3883 Facebook-f Instagram Youtube Home About Meet Your Team Why Us? Smiles Savings Plan Services Preventative Care Botox & Dermal Fillers Crown Lengthening Custom Sports & Night Guards Dental Implants Dental Veneers Extraction Restorative Dentistry Dentures and Partial Dentures Periodontal Gum Care Clear Aligners Infection & Swelling Kid’s (Pediatric) Dentistry Cosmetic Dentistry Laser Surgery Metal-Free Crowns Oral Cancer Screening Root Canal Therapy Routine Dental Exams Special Services Sealants & Fluoride Teeth Whitening Tooth-Colored Fillings TMJ & Teeth Grinding Tooth Pain Wisdom Teeth Removal General Dentistry Tooth-Colored Fillings Metal-Free Crowns Kid’s (Pediatric) Dentistry Dentures and Partial Dental Implants Cosmetic Dentistry Teeth Whitening Dental Veneers Clear Aligners Crown Lengthening Botox & Dermal Fillers Preventative Dentistry Routine Dental Exams Periodontal Gum Care Sealants & Fluoride Custom Sport & Night Guards TMJ & Teeth Grinding Emergency Dental Care Tooth Pain Infection & Swelling Root Canal Therapy Wisdom Teeth Removal Sedation Gallery Blog Contact Us X BOOK NOW SlideShow Family Slide 1 A Smile That Radiates Confidence High-quality cosmetic dentistry to ensure your smile is as radiant as it is healthy. Learn More Slide 3 Skilled Dental Care by Leading Experts Our team of expert dental professionals is here to provide unparalleled dental health solutions. Learn More Slide 2 Cutting-Edge Dental Solutions in Florida Get tailored dental care solutions for you and your family with the latest technologies and procedures in dentistry. Request An Ap
PAGE https://www.jaxsmilesdentistry.com/meet-the-team/: Meet Your Team - Jax Smiles Dentistry Skip to content Jax Smiles Dentistry Email: info@jaxsmilesdentistry.com Location: 6416 Arlington Road, Jacksonville, FL Call Us: (904) 701-3883 Facebook-f Instagram Youtube Home About Meet Your Team Why Us? Smiles Savings Plan Services Preventative Care Botox & Dermal Fillers Crown Lengthening Custom Sports & Night Guards Dental Implants Dental Veneers Extraction Restorative Dentistry Dentures and Partial Dentures Periodontal Gum Care Clear Aligners Infection & Swelling Kid’s (Pediatric) Dentistry Cosmetic Dentistry Laser Surgery Metal-Free Crowns Oral Cancer Screening Root Canal Therapy Routine Dental Exams Special Services Sealants & Fluoride Teeth Whitening Tooth-Colored Fillings TMJ & Teeth Grinding Tooth Pain Wisdom Teeth Removal General Dentistry Tooth-Colored Fillings Metal-Free Crowns Kid’s (Pediatric) Dentistry Dentures and Partial Dental Implants Cosmetic Dentistry Teeth Whitening Dental Veneers Clear Aligners Crown Lengthening Botox & Dermal Fillers Preventative Dentistry Routine Dental Exams Periodontal Gum Care Sealants & Fluoride Custom Sport & Night Guards TMJ & Teeth Grinding Emergency Dental Care Tooth Pain Infection & Swelling Root Canal Therapy Wisdom Teeth Removal Sedation Gallery Blog Contact Us X BOOK NOW Meet Your Team Home » Meet Your Team Our Story Our family practice is located near the heart of Jacksonville , right across from Downtown. Previously a dental office since the 1960s we are excited to continue serving our wonderful patients in our community. Our goal is for everyone to feel welcome at our office, from the moment you walk through the door to the moment you arrive home. We have designed our practice to allow for safety and care for the entire family. We hope you enjoy your experience at Jax Smile
PAGE https://www.jaxsmilesdentistry.com/contact-us/: Contact Us - Jax Smiles Dentistry Skip to content Jax Smiles Dentistry Email: info@jaxsmilesdentistry.com Location: 6416 Arlington Road, Jacksonville, FL Call Us: (904) 701-3883 Facebook-f Instagram Youtube Home About Meet Your Team Why Us? Smiles Savings Plan Services Preventative Care Botox & Dermal Fillers Crown Lengthening Custom Sports & Night Guards Dental Implants Dental Veneers Extraction Rest",LOCAL,0.95,Verified,2026-09-29T18:42:32Z,"Website clearly represents a real operating dental practice in Jacksonville, FL offering metal-free crowns. Single location at 6416 Arlington Rd, family-operated since 1960s, public email info@jaxsmilesdentistry.com matches website domain. Local scale confirmed by single address, community-focused language, and no evidence of multi-location or national enterprise."
guestservices@schindlerdentistry.com,Schindler Smile Studio,https://schindlerdentistry.com/,Columbus,OH,America/New_York,Google Places Text Search -> public website,PASS,ChIJaemIwgKPOIgRbFozURovKIs,https://www.schindlerdentistry.com/,"PAGE https://www.schindlerdentistry.com/: Cosmetic Dentist in Columbus, OH | Schindler Smile Studio Facebook Instagram Map-marker-alt guestservices@schindlerdentistry.com 614-586-0609 Meet Us Meet Dr. Sharon Schindler Meet Our Team Our Difference Why a Smile Artist Our Services Smile Makeovers Porcelain Veneers No Prep Veneers Full Mouth Rejuvenation Smile Gallery Full Face Up-Close Guest Reviews New Guests Your First Visit Travel Arrangements Contact Meet Us Meet Dr. Sharon Schindler Meet Our Team Our Difference Why a Smile Artist Our Services Smile Makeovers Porcelain Veneers No Prep Veneers Full Mouth Rejuvenation Smile Gallery Full Face Up-Close Guest Reviews New Guests Your First Visit Travel Arrangements Contact Schedule Your Visit Award-Winning Smiles Discover what a dream smile is all about with Cosmetic Dentist & Artist, Dr. Sharon Schindler. Change your life forever with a personalized visit to our cosmetic dentist in Columbus, OH. Welcome to Schindler Smile Studio where we believe in the transformative power of smiles. Driven by a passion for creating artistic smiles, Dr. Sharon Schindler redefines beauty through exclusive smile design and cosmetic and restorative procedures such as full mouth rejuvenation. Your journey with us is not just about enhancing your smile and health! It’s about unlocking newfound confidence, radiance, and a personalized experience tailored just for you. Think art, fashion and style for your smile Receive compassionate care and attention to detail throughout your exclusive smile makeover. 01. Boutique Office Immerse yourself in the ultimate spa-like atmosphere, where comfort reigns supreme. Experience a personalized journey that pampers you from the moment you arrive. 02. All About You Your preferences, well-being, and goals take center stage at Schindler Smile Studio. We e
PAGE https://www.schindlerdentistry.com/about-us/meet-dr-schindler/: Dr. Schindler | Cosmetic Dentist | Schindler Smile Studio Facebook Instagram Map-marker-alt guestservices@schindlerdentistry.com 614-586-0609 Meet Us Meet Dr. Sharon Schindler Meet Our Team Our Difference Why a Smile Artist Our Services Smile Makeovers Porcelain Veneers No Prep Veneers Full Mouth Rejuvenation Smile Gallery Full Face Up-Close Guest Reviews New Guests Your First Visit Travel Arrangements Contact Meet Us Meet Dr. Sharon Schindler Meet Our Team Our Difference Why a Smile Artist Our Services Smile Makeovers Porcelain Veneers No Prep Veneers Full Mouth Rejuvenation Smile Gallery Full Face Up-Close Guest Reviews New Guests Your First Visit Travel Arrangements Contact Schedule Your Visit Meet Dr. Schindler Exclusively focused on cosmetic dentistry and facial aesthetics. Your Dedicated Cosmetic Dentist in Columbus, OH Explore the expertise and passion of Sharon Schindler DDS, FAGD, LVIF, FIAPA. Meet Dr. Sharon Schindler, a smile artist and visionary in cosmetic dentistry. Over the past three decades, she has dedicated herself to her craft while developing a passion for transforming lives through award-winning smile makeovers. Dr. Schindler has built a reputation based on uncompromising clinical excellence, meticulous attention to detail, and a warm, gentle demeanor. A 1990 graduate of the University of Illinois-Chicago, College of Dentistry , Dr. Schindler is a general dentist who focuses exclusively on cosmetic dental treatments and procedures ( Smile Makeovers , Porcelain Veneers , No-Prep Veneers , Complex Cosmetic Smile Rejuvenation & Full Mouth Rejuvenation) . Dr. Schindler has a passion in the art of smile design and loves to help her guests achieve health, function & artistic beauty in their smiles. Dr. Schindler has devoted more than 35 years to developi
PAGE https://www.schindlerdentistry.com/about-us/our-team/: Meet Our Team - Schindler Smile Studio Facebook Instagram Map-marker-alt guestservices@schindlerdentistry.com 614-586-0609 Meet Us Meet Dr. Sharon Schindler Meet Our Team Our Difference Why a Smile Artist Our Services Smile Makeovers Porcelain Veneers No Prep Veneers Full Mouth Rejuvenation Smile Gallery Full Face Up-Close Guest Reviews New Guests Your First Visit Travel Arrangements Contact Meet Us Meet Dr. Sharon Schindler Meet Our Team Our Difference Why a Smile Artist Our Services Smile Makeovers Porcelain Veneers No Prep Veneers Full Mouth Rejuvenation Smile Gallery Full Face Up-Close Guest Reviews New Guests Your First Visit Travel Arrangements Contact Schedule Your Visit Our Team Guiding you to your dream smile and supreme confidence. Dr. Schindler's Supportive Team SOPHIA HANNER Dental Assistant and Treatment Coordinator 5 years of experience. Sophia chose the dentistry field due to her passion for healthcare and helping others. Originally from Columbus, Ohio, she likes spending time with her family, especially her little sister, and indulges in activities like shopping and caring for her two dogs. Also, her favorite restaurant is Third and Hollywood. BELLA HANKINS, CDA Certified Dental Assistant and Treatment Coordinator 10 years of experience. Bella chose dentistry because of her positive childhood dental visits and her broader interest in healthcare. Originally from Columbus, Ohio, Bella enjoys watching hockey, spending time with her dog, and watercolor painting. Her favorite restaurant is Hyde Park Prime Steakhouse. MARK SCHINDLER Guest Services Over 25 years of experience. Mark has been in dentistry for over 25 years. He joined the field at the invitation of his wife, Dr. Schindler, to serve their guests together. Originally from Dayton, Ohio, Mark’s hobbie
PAGE https://www.schindlerdentistry.com/we-only-do/smile-design-makeovers/: Smile Makeovers | Schindler Smile Studio Facebook Instagram Map-marker-alt guestservices@schindlerdentistry.com 614-586-0609 Meet Us Meet Dr. Sharon Schindler Meet Our Team Our Difference Why a Smile Artist Our Services Smile Makeovers Porcelain Veneers No Prep Veneers Full Mouth Rejuvenation Smile Gallery Full Face Up-Close Guest Reviews New Guest",LOCAL,0.95,Verified,2026-09-29T18:43:22Z,"Website clearly represents a real operating cosmetic dental practice in Columbus, OH (Short North area per address). Single-location boutique office with one dentist (Dr. Sharon Schindler) and small support team. Public email guestservices@schindlerdentistry.com matches website domain. No evidence of multi-location, national brand, or enterprise scale."
contact@wootendentistry.com,Wooten Dentistry,https://wootendentistry.com/,Columbus,OH,America/New_York,Google Places Text Search -> public website,PASS,ChIJ1zMGg0CMOIgRL9pbja0EEfw,https://www.wootendentistry.com/,"PAGE https://www.wootendentistry.com/: Dentist in Clintonville Ohio | Dr. Wooten Dentistry Skip to content Facebook Instagram (614) 263-4040 Reviews Blog Pay Bill Book an Appointment Menu Who We Are Meet Dr. Wooten Meet the Team FAQs Sterilization What We Do General / Family Dentistry Routine Exams & Cleanings Cavity Fillings & Repair Cosmetic Dentistry Porcelain Veneers Teeth Whitening Restorative Dentistry Porcelain Crowns Modern Dentures Invisalign Root Canal Therapy Dental Bridges Dental Implant Placements Additional Services How We’re Different New Patients Our Location Reviews Blog Contact Us Complete oral health (without the gimmicks). At Wooten Dentistry, our goal is to offer complete oral care in a relaxed, comfortable environment. From routine exams and cleanings to cosmetic and restorative dentistry, we’re here to keep you smiling—literally. Our practical approach to dentistry mixes traditional techniques with the best of new technologies. So, you get everything you need and nothing you don’t. See why we’re different Highly recommend Dr. Wooten and staff! They are so friendly—it actually makes going to the dentist a pleasant experience. I felt completely at ease throughout the appointment. Marianne R. Dr. Wooten is fantastic. I had not been to the dentist in over 10 years and he made me feel so comfortable! It was a great experience. Jes F. Dr. Wooten is great with my kids—even my 2 year old talks regularly about wanting to go get his teeth cleaned. Shane G. Dr. Wooten is very personable and immediately puts you at ease. But most importantly, he is very confident and precise with his work. His staff is also very efficient, friendly and welcoming. Andy R. Dr. Jonathan Wooten A family, restorative, and cosmetic dentist in Clintonville, Dr. Wooten has been practicing in the Columbus community since 2
PAGE https://www.wootendentistry.com/who-we-are/: About Your Local Columbus Dentist Office | Dr. Wooten Dentistry Skip to content Facebook Instagram (614) 263-4040 Reviews Blog Pay Bill Book an Appointment Menu Who We Are Meet Dr. Wooten Meet the Team FAQs Sterilization What We Do General / Family Dentistry Routine Exams & Cleanings Cavity Fillings & Repair Cosmetic Dentistry Porcelain Veneers Teeth Whitening Restorative Dentistry Porcelain Crowns Modern Dentures Invisalign Root Canal Therapy Dental Bridges Dental Implant Placements Additional Services How We’re Different New Patients Our Location Reviews Blog Contact Us Who We Are A beautiful, healthy smile is an important factor in your overall health and well-being. This is what drives our practice. We Believe... Transparency is important. Dental care shouldn’t be confusing or anxiety-inducing. We educate our patients on all of their options and we thoroughly explain procedures beforehand. Do what’s right. That means not over diagnosing dental work. Not all procedures are necessary for everyone. And sometimes, it’s not financially feasible for a patient to have all of the recommended work done all at once. We will always help you find a treatment plan that fits your needs. No gimmicks. No sales pitches. It’s that simple. Community is everything. No matter your age, race, gender, where you live, or your taste in music—you’re welcome at Wooten Dentistry. Period. Dr. Jonathan Wooten Dr. Wooten has been practicing in the Columbus community since 2011. He specializes in family, restorative, and cosmetic dentistry in Clintonville, Ohio. I became a dentist because I enjoy helping people in a tangible way. If someone comes to me in pain, I can fix it. If a person is unhappy with something about their teeth, we can find a resolution. It’s gratifying to solve a problem throug
PAGE https://www.wootendentistry.com/what-we-do/additional-services/: TMJ Specialist in Clintonville Ohio | Dr. Wooten Dentistry Skip to content Facebook Instagram (614) 263-4040 Reviews Blog Pay Bill Book an Appointment Menu Who We Are Meet Dr. Wooten Meet the Team FAQs Sterilization What We Do General / Family Dentistry Routine Exams & Cleanings Cavity Fillings & Repair Cosmetic Dentistry Porcelain Veneers Teeth Whitening Restorative Dentistry Porcelain Crowns Modern Dentures Invisalign Root Canal Therapy Dental Bridges Dental Implant Placements Additional Services How We’re Different New Patients Our Location Reviews Blog Contact Us Additional Services Looking for an additional service that doesn’t quite fit into a category? You’ve found the right spot! We offer general & family dentistry , restorative procedures , cosmetic dentistry , AND… TMJ treatment Athletic mouthguards Halcion oral sedation Additional Dentistry Services What is TMJ and how does your practice treat it? TMJ stands for temporal-mandibular joint, which is vital in the function and movement of the jaw. Complications in this joint may be caused by misalignment of the teeth, trauma, or excessive muscle tension. TMJ problems can cause headaches, earaches, jaw popping, pain in the jaw muscles, and soreness in the area that may extend into the face. Dr. Wooten has various methods for TMJ treatments, including professional nightguards (also known as mouthguards). Coach says I need a mouthguard. Now what? Protecting your teeth with a mouthguard during athletic activities is ALWAYS a good idea. Mouthguards can buffer the pain if you’re hit in the mouth and will protect teeth from cracking, chipping, or completely breaking. A custom molded mouthguard from your Dr. Wooten ensures a tighter more protective fit than one from the drug store. Did you know mouthguards are great for 
PAGE https://www.wootendentistry.com/contact-us/: Clintonville Dentist | Dr. Wooten | Dentist In Clintonville Skip to content Facebook Instagram (614) 263-4040 Reviews Blog Pay Bill Book an Appointment Menu Who We Are Meet Dr. Wooten Meet the Team FAQs Sterilization What We Do General / Family Dentistry Routine Exams & Cleanings Cavity Fillings & Repair Cosmetic Dentistry Porcelain Veneers Teeth Whitening Restorative Dentistry Porcela",LOCAL,0.95,Verified,2026-09-29T18:43:56Z,"Website clearly represents a single-location dental practice in Clintonville/Columbus, OH with cosmetic dentistry services (porcelain veneers, teeth whitening, Invisalign). Public email contact@wootendentistry.com matches the website domain. No evidence of multi-location or enterprise scale."
kat@eternallylitsmiles.com,Eternally Lit Smiles llc,https://eternallylitsmiles.com/,Orlando,FL,America/New_York,Google Places Text Search -> public website,PASS,ChIJxV_MRk9354gRsCbh0TQxl0U,https://eternallylitsmiles.com/,"PAGE https://eternallylitsmiles.com/: About Us ✨VOTED BEST OF FLORIDA 2026 ✨ About Us Pricing + Promos Gift Cards FAQs Wholesale Shop Training Home Whitening Kits Wedding Packages Reviews Gallery Shipping+Exchange Policy Contact Us Online Customer Service Whitening Entrepreneurs Laser Teeth Whitening More About Us Pricing + Promos Gift Cards FAQs Wholesale Shop Training Home Whitening Kits Wedding Packages Reviews Gallery Shipping+Exchange Policy Contact Us Online Customer Service Whitening Entrepreneurs Laser Teeth Whitening Sign In Create Account Bookings Orders My Account Signed in as: filler@godaddy.com Bookings Orders My Account Sign out Signed in as: filler@godaddy.com About Us Pricing + Promos Gift Cards FAQs Wholesale Shop Training Home Whitening Kits Wedding Packages Reviews Gallery Shipping+Exchange Policy Contact Us Online Customer Service Whitening Entrepreneurs Laser Teeth Whitening Account Bookings Orders My Account Sign out Sign In Bookings Orders My Account 407-427-5334 Best Teeth Whitening + Tooth Gems + Wholesale Supplier Best Teeth Whitening + Tooth Gems + Wholesale Supplier Best Teeth Whitening + Tooth Gems + Wholesale Supplier Best Teeth Whitening + Tooth Gems + Wholesale Supplier Best Teeth Whitening + Tooth Gems + Wholesale Supplier BOOK HERE About Us Meet the Specialist Laser Teeth Whitening + Tooth Gems Laser Teeth Whitening + Tooth Gems Eternally Lit Smiles is passionate about creating Confident Brighter Smiles. We provide premium Teeth Whitening and Tooth Gem services at affordable pricing. At the initial consult we will discuss your teeth whitening goals; and implement the plan that fits your needs. Relax and whiten in our deluxe massage chair while watching TV. We h Show More Eternally Lit Smiles is passionate about creating Confident Brighter Smiles. We provide premium Teeth Wh
PAGE https://eternallylitsmiles.com/about-us: About Us ✨VOTED BEST OF FLORIDA 2026 ✨ About Us Pricing + Promos Gift Cards FAQs Wholesale Shop Training Home Whitening Kits Wedding Packages Reviews Gallery Shipping+Exchange Policy Contact Us Online Customer Service Whitening Entrepreneurs Laser Teeth Whitening More About Us Pricing + Promos Gift Cards FAQs Wholesale Shop Training Home Whitening Kits Wedding Packages Reviews Gallery Shipping+Exchange Policy Contact Us Online Customer Service Whitening Entrepreneurs Laser Teeth Whitening Sign In Create Account Bookings Orders My Account Signed in as: filler@godaddy.com Bookings Orders My Account Sign out Signed in as: filler@godaddy.com About Us Pricing + Promos Gift Cards FAQs Wholesale Shop Training Home Whitening Kits Wedding Packages Reviews Gallery Shipping+Exchange Policy Contact Us Online Customer Service Whitening Entrepreneurs Laser Teeth Whitening Account Bookings Orders My Account Sign out Sign In Bookings Orders My Account 407-427-5334 Best Teeth Whitening + Tooth Gems + Wholesale Supplier Best Teeth Whitening + Tooth Gems + Wholesale Supplier Best Teeth Whitening + Tooth Gems + Wholesale Supplier Best Teeth Whitening + Tooth Gems + Wholesale Supplier Best Teeth Whitening + Tooth Gems + Wholesale Supplier BOOK HERE About Us Meet the Specialist Laser Teeth Whitening + Tooth Gems Laser Teeth Whitening + Tooth Gems Eternally Lit Smiles is passionate about creating Confident Brighter Smiles. We provide premium Teeth Whitening and Tooth Gem services at affordable pricing. At the initial consult we will discuss your teeth whitening goals; and implement the plan that fits your needs. Relax and whiten in our deluxe massage chair while watching TV. We h Show More Eternally Lit Smiles is passionate about creating Confident Brighter Smiles. We provide premium Teeth Wh
PAGE https://eternallylitsmiles.com/contact-us: Contact Us ✨VOTED BEST OF FLORIDA 2026 ✨ About Us Pricing + Promos Gift Cards FAQs Wholesale Shop Training Home Whitening Kits Wedding Packages Reviews Gallery Shipping+Exchange Policy Contact Us Online Customer Service Whitening Entrepreneurs Laser Teeth Whitening More About Us Pricing + Promos Gift Cards FAQs Wholesale Shop Training Home Whitening Kits Wedding Packages Reviews Gallery Shipping+Exchange Policy Contact Us Online Customer Service Whitening Entrepreneurs Laser Teeth Whitening Sign In Create Account Bookings Orders My Account Signed in as: filler@godaddy.com Bookings Orders My Account Sign out Signed in as: filler@godaddy.com About Us Pricing + Promos Gift Cards FAQs Wholesale Shop Training Home Whitening Kits Wedding Packages Reviews Gallery Shipping+Exchange Policy Contact Us Online Customer Service Whitening Entrepreneurs Laser Teeth Whitening Account Bookings Orders My Account Sign out Sign In Bookings Orders My Account Best Teeth Whitening + Tooth Gems + Wholesale Supplier Best Teeth Whitening + Tooth Gems + Wholesale Supplier Best Teeth Whitening + Tooth Gems + Wholesale Supplier Best Teeth Whitening + Tooth Gems + Wholesale Supplier Best Teeth Whitening + Tooth Gems + Wholesale Supplier Contact Us How Can We Assist You? Name* Email* Attach Files Attachments (0) Sign up for our email list for updates, promotions, and more. Send This site is protected by reCAPTCHA and the Google Privacy Policy and Terms of Service apply. Eternally Lit Smiles 2295 South Hiawassee Road, Ste 410, Orlando, Florida 32835, United States (407) 427-5334 Kat@EternallyLitSmiles.com Hours Mon 10:00 am – 08:00 pm Tue 10:00 am – 08:00 pm Wed 10:00 am – 08:00 pm Thu 10:00 am – 08:00 pm Fri 10:00 am – 08:00 pm Sat 10:00 am – 06:00 pm Sun By Appointment Connect With Us Copyright © 20",LOCAL,0.85,Verified,2026-09-29T18:44:22Z,"Website clearly represents a real operating business offering laser teeth whitening services in Orlando, FL. Single location at 2295 S Hiawassee Rd Ste 410. Public email kat@eternallylitsmiles.com matches website domain. Services include teeth whitening relevant to tetracycline stain treatment query. Business appears local/regional scale with single Orlando location."
frontoffice@finedentistryorlando.com,Fine Dentistry of Downtown Orlando,https://finedentistryorlando.com/,Orlando,FL,America/New_York,Google Places Text Search -> public website,PASS,ChIJUzExMN1654gRpjuhnGLcpOw,https://www.finedentistryorlando.com/,"PAGE https://www.finedentistryorlando.com/: Best Dentist Orlando - Cosmetic Dentistry Orlando FL | Fine Dentistry Orlando About Our Technology Comfort Options Cone Beam CT Intraoral Camera Same-Day Crowns - Digital Scanner Oral Cancer Screenings Digital X-Ray Our Practice Meet the Doctors Meet the Team Why Choose a Top Dentist in Orlando Why Choose an FAGD Dentist Blue Diamond Invisalign Provider New Patient Specials Careers with Fine Dentistry Services Dental Hygiene Botox Treatment TMJ Treatment Dental Emergency All-On-4 Implant Retained Dentures Implants Cosmetic Dentistry Dental Veneers Teeth Whitening Invisalign For Teens Invisalign For Adults Root Canal Therapy Restorative Dentistry Pediatric Dentistry Periodontic Dentistry Oral Surgery Teeth Express Same-Day Crowns - CEREC Tooth Pain Treatment Lip Fillers Dermal Fillers Resources New Patient Specials Invisalign Diamond+ Provider Dawson Certified Practice Make A Payment Dental Membership Plans New Patients Blog Patient Reviews News & Media Faq’s Post Op Info Update Your Medical History Careers with Fine Dentistry Specials Smile Gallery Contact +(407)898-1621 No Insurance, No Problem GENERAL AND COSMETIC DENTISTRY SCHEDULE AN APPOINTMENT 407-898-1621 Comprehensive Dental Care by Downtown Orlando Dentists Within the refined ambiance of Fine Dentistry of Downtown Orlando, we cater to families and individuals seeking an unparalleled dental experience, characterized by a blend of exquisite general and cosmetic services. Our eminent Orlando dentists, boasting extensive training and an astute dedication to oral healthcare, deliver an array of high-quality treatments that cater to both adults and children. We pride ourselves on offering a comprehensive suite of dental services under one roof, making external referrals obsolete. Whether our distinguished guests requ
PAGE https://www.finedentistryorlando.com/: Best Dentist Orlando - Cosmetic Dentistry Orlando FL | Fine Dentistry Orlando About Our Technology Comfort Options Cone Beam CT Intraoral Camera Same-Day Crowns - Digital Scanner Oral Cancer Screenings Digital X-Ray Our Practice Meet the Doctors Meet the Team Why Choose a Top Dentist in Orlando Why Choose an FAGD Dentist Blue Diamond Invisalign Provider New Patient Specials Careers with Fine Dentistry Services Dental Hygiene Botox Treatment TMJ Treatment Dental Emergency All-On-4 Implant Retained Dentures Implants Cosmetic Dentistry Dental Veneers Teeth Whitening Invisalign For Teens Invisalign For Adults Root Canal Therapy Restorative Dentistry Pediatric Dentistry Periodontic Dentistry Oral Surgery Teeth Express Same-Day Crowns - CEREC Tooth Pain Treatment Lip Fillers Dermal Fillers Resources New Patient Specials Invisalign Diamond+ Provider Dawson Certified Practice Make A Payment Dental Membership Plans New Patients Blog Patient Reviews News & Media Faq’s Post Op Info Update Your Medical History Careers with Fine Dentistry Specials Smile Gallery Contact +(407)898-1621 No Insurance, No Problem GENERAL AND COSMETIC DENTISTRY SCHEDULE AN APPOINTMENT 407-898-1621 Comprehensive Dental Care by Downtown Orlando Dentists Within the refined ambiance of Fine Dentistry of Downtown Orlando, we cater to families and individuals seeking an unparalleled dental experience, characterized by a blend of exquisite general and cosmetic services. Our eminent Orlando dentists, boasting extensive training and an astute dedication to oral healthcare, deliver an array of high-quality treatments that cater to both adults and children. We pride ourselves on offering a comprehensive suite of dental services under one roof, making external referrals obsolete. Whether our distinguished guests requ
PAGE https://www.finedentistryorlando.com/Meet-The-Team: Fine Dentistry of Downtown Orlando | Meet The Staff in Orlando About Our Technology Comfort Options Cone Beam CT Intraoral Camera Same-Day Crowns - Digital Scanner Oral Cancer Screenings Digital X-Ray Our Practice Meet the Doctors Meet the Team Why Choose a Top Dentist in Orlando Why Choose an FAGD Dentist Blue Diamond Invisalign Provider New Patient Specials Careers with Fine Dentistry Services Dental Hygiene Botox Treatment TMJ Treatment Dental Emergency All-On-4 Implant Retained Dentures Implants Cosmetic Dentistry Dental Veneers Teeth Whitening Invisalign For Teens Invisalign For Adults Root Canal Therapy Restorative Dentistry Pediatric Dentistry Periodontic Dentistry Oral Surgery Teeth Express Same-Day Crowns - CEREC Tooth Pain Treatment Lip Fillers Dermal Fillers Resources New Patient Specials Invisalign Diamond+ Provider Dawson Certified Practice Make A Payment Dental Membership Plans New Patients Blog Patient Reviews News & Media Faq’s Post Op Info Update Your Medical History Careers with Fine Dentistry Specials Smile Gallery Contact +(407)898-1621 No Insurance, No Problem Meet The Team Our Vision Our Purpose and our passion at Fine Dentistry of Downtown Orlando is to give every patient the highest quality dental care in a safe and non-judgmental environment. We will strive to make each patient’s appointment a caring and pain-free experience by listening to their dental goals and engaging with them to achieve it through education on oral health and using the most advanced technology that dentistry can offer. We want all our patients to feel at home and to trust that they will always have first class and family friendly experience. Schedule a Consultation Set Up My First Consultation Appointment Type Complimentary Invisalign Consult Complimentary Cosmetic Consult
PAGE https://www.finedentistryorlando.com/Contact: Contact our office to schedule an appointment today! About Our Technology Comfort Options Cone Beam CT Intraoral Camera Same-Day Crowns - Digital Scanner Oral Cancer Screenings Digital X-Ray Our Practice Meet the Doctors Meet the Team Why Choose a Top Dentist in Orlando Why Choose an FAGD Dentist Blue Diamond Invisalign Provider New Patient Specials Careers with Fine Dentistry Services Dental Hygie",LOCAL,0.95,Verified,2026-09-29T18:44:56Z,Website clearly represents a real operating dental practice in Orlando offering cosmetic dentistry including teeth whitening and veneers (relevant for tetracycline stains). Single location at 429 N Fern Creek Ave. Public email frontoffice@finedentistryorlando.com matches website domain. No evidence of national/enterprise scale.
info@fortdentaltx.com,Fort Dental,https://fortdentaltx.com/,Fort Worth,TX,America/Chicago,Google Places Text Search -> public website,PASS,ChIJrSBdL3xtToYRPVq7cYFSkgk,https://www.fortdentaltx.com/contact-us.html,"PAGE https://www.fortdentaltx.com/: Dentist Fort Worth, TX | Dentist Near Me | Cost of Dentistry in Fort Worth | Dental Office Near Me | Fort Dental (817) 292-5957 4000 Bryant Irvin Rd, Fort Worth, TX 76109 Fort Worthâs Only Robotic Guided Dental Implant Practice Home Meet the Doctors Dr. Cheng Dr. Thorburn Dr. Luk Dr. Cox Precision Implants Robot Assisted Dental Implants Implant Dentures Laser Dentistry Tongue Tie Release Injection Free Filling Solea Sleep Cosmetic Services General & Preventive Checkups Tooth-Colored Fillings Dentures & Partials Same-Day Crowns Sleep Apnea TMJ Therapy Oral Cancer Screenings Dental Bridges Dental Crowns Cosmetic Dentistry Veneers Teeth Whitening Full-Mouth Reconstruction Snap On Smile Invisalign Grinding Nightguards Athletic Mouthguards Teeth Adjustments Surgery & Gum Tissue Wisdom Teeth Extraction Dental Implants Implant Dentures Gum Disease Therapy Gum Lifts Sedation Dentistry Technology Emergency Dentistry Root Canal Treatment Family Dentistry Contact Us Request An Appointment Patient Info Success Stories Dentist Near Benbrook Dentist Near Crowley Dental Insurance Blog Dentist - Fort Worth, TX Setting the standard for service in your dental care Fort Dental is changing your dental care experience. From advanced technology to personalized care, we have what you need here at Fort Dental. Request An Appointment Afraid of the Dentist? Why choose fort dental Our dentists in Fort Worth have more than 40 years of combined experience in helping families smile. By working together, we can offer more expertise, expanded hours, upgraded technology, and lower costs â all at one convenient location near you! From routine dental checkups and cleanings to dental implants and emergency dentistry , we are well equipped to handle all of your oral health needs. FRIENDLY & COMPASSIONA
PAGE https://www.fortdentaltx.com/services.html: Dental Services Fort Worth, TX | Emergency Dentistry | Invisalign Clear Braces (817) 292-5957 4000 Bryant Irvin Rd, Fort Worth, TX 76109 Fort Worthâs Only Robotic Guided Dental Implant Practice Home Meet the Doctors Dr. Cheng Dr. Thorburn Dr. Luk Dr. Cox Precision Implants Robot Assisted Dental Implants Implant Dentures Laser Dentistry Tongue Tie Release Injection Free Filling Solea Sleep Cosmetic Services General & Preventive Checkups Tooth-Colored Fillings Dentures & Partials Same-Day Crowns Sleep Apnea TMJ Therapy Oral Cancer Screenings Dental Bridges Dental Crowns Cosmetic Dentistry Veneers Teeth Whitening Full-Mouth Reconstruction Snap On Smile Invisalign Grinding Nightguards Athletic Mouthguards Teeth Adjustments Surgery & Gum Tissue Wisdom Teeth Extraction Dental Implants Implant Dentures Gum Disease Therapy Gum Lifts Sedation Dentistry Technology Emergency Dentistry Root Canal Treatment Family Dentistry Contact Us Request An Appointment Patient Info Success Stories Dentist Near Benbrook Dentist Near Crowley Dental Insurance Blog Dental Services – Fort Worth, TX Modern, Quality Dentistry Conveniently in Fort Worth At our dental office, you will always come first. Patients rely on us for comfortable, comprehensive dental care that creates healthy mouths and beautiful smiles. As experienced general dentists, Dr. Cheng, Dr. Thorburn, Dr. Luk, and Dr. Cox offer a wide range of general, preventive, cosmetic, and restorative dental services in our Fort Worth, TX dental office performed with precision and care. General & Preventive Dentistry Cosmetic Dentistry Teeth Grinding Surgery & Gum Tissue Advanced DEntal Services & Technology Emergency Dentistry Family Dentistry NAVIGATION Home Meet the Doctors Our Services Success Stories New Patient Info Contact Us SERVICES G
PAGE https://www.fortdentaltx.com/contact-us.html: Contact Fort Dental | (817) 292-5957 | 4000 Bryant Irvin Road; Fort Worth, TX 76109 (817) 292-5957 4000 Bryant Irvin Rd, Fort Worth, TX 76109 Fort Worthâs Only Robotic Guided Dental Implant Practice Home Meet the Doctors Dr. Cheng Dr. Thorburn Dr. Luk Dr. Cox Precision Implants Robot Assisted Dental Implants Implant Dentures Laser Dentistry Tongue Tie Release Injection Free Filling Solea Sleep Cosmetic Services General & Preventive Checkups Tooth-Colored Fillings Dentures & Partials Same-Day Crowns Sleep Apnea TMJ Therapy Oral Cancer Screenings Dental Bridges Dental Crowns Cosmetic Dentistry Veneers Teeth Whitening Full-Mouth Reconstruction Snap On Smile Invisalign Grinding Nightguards Athletic Mouthguards Teeth Adjustments Surgery & Gum Tissue Wisdom Teeth Extraction Dental Implants Implant Dentures Gum Disease Therapy Gum Lifts Sedation Dentistry Technology Emergency Dentistry Root Canal Treatment Family Dentistry Contact Us Request An Appointment Patient Info Success Stories Dentist Near Benbrook Dentist Near Crowley Dental Insurance Blog Request appointment Full Name Phone Number Email Address Are you... A New Patient An Existing Patient How did you hear about us? Search Engine Family/Friend Promotion Social Media Other Preferred day of the week Monday Tuesday Wednesday Thursday Friday Questions or comments? Preferred method of communication Call Text Email Get in Touch 4000 Bryant Irvin Rd. Fort Worth, Texas 76109 (817) 292-5957 info@fortdentaltx.com In an emergency situation, we will do our best to get you in the same day. If your emergency occurs after hours, please call our main phone for instructions on how to reach Dr. Cheng, Dr. Thorburn, Dr. Luk, or Dr. Cox directly. Contact Our Dental Office – Fort Worth, TX Call Our Friendly and Experienced Team! We are 
PAGE https://www.fortdentaltx.com/patient-info.html: New Patient Information | Dental Insurance | Fort Dental (817) 292-5957 4000 Bryant Irvin Rd, Fort Worth, TX 76109 Fort Worthâs Only Robotic Guided Dental Implant Practice Home Meet the Doctors Dr. Cheng Dr. Thorburn Dr. Luk Dr. Cox Precision Implants Robot Assisted Dental Implants Implant Dentures Laser Dentistry Tongue Tie Release Injection Free Filling Solea Sleep Cosmetic Services General & Preventi",LOCAL,0.95,Verified,2026-09-29T18:46:05Z,"Website clearly represents a real operating dental practice in Fort Worth, TX offering veneers and cosmetic dentistry. Single location at 4000 Bryant Irvin Rd with four named doctors, 40+ years combined experience. Public email info@fortdentaltx.com matches website domain. No evidence of national/enterprise scale - appears to be a local/regional practice."
hi@summerbrookdentalfw.com,Summerbrook Dental & Implants,https://summerbrookdentalfw.com/,Fort Worth,TX,America/Chicago,Google Places Text Search -> public website,PASS,ChIJ9z3dZFjZTYYRJLGMwYJy3QA,https://www.summerbrookdentalfw.com/,"PAGE https://www.summerbrookdentalfw.com/: Top Dentist and Dental Implants - Fort Worth, TX Skip to main content Skip to footer Opens in a new tab About Services Dental Implants Dental Implants Screwless Dental Implants All-on-4 Implants Snap-In Dentures Mini Dental Implants Emergency Wisdom Tooth Extraction Cosmetic Dentistry Emergency Dentistry Sedation Dentistry Root Canal Treatment Roofless (Palate-Free) Upper Dentures Tooth Fillings Peri-Implantitis Treatment Dental Insurance Invisalign For patients Patient Info Membership plan Blog Smile Gallery Contact About Services Dental Implants Dental Implants Screwless Dental Implants All-on-4 Implants Snap-In Dentures Mini Dental Implants Emergency Wisdom Tooth Extraction Cosmetic Dentistry Emergency Dentistry Sedation Dentistry Root Canal Treatment Roofless (Palate-Free) Upper Dentures Tooth Fillings Peri-Implantitis Treatment Dental Insurance Invisalign For patients Patient Info Membership plan Blog Smile Gallery Contact About Services Dental Implants Dental Implants Screwless Dental Implants All-on-4 Implants Snap-In Dentures Mini Dental Implants Emergency Wisdom Tooth Extraction Cosmetic Dentistry Emergency Dentistry Sedation Dentistry Root Canal Treatment Roofless (Palate-Free) Upper Dentures Tooth Fillings Peri-Implantitis Treatment Dental Insurance Invisalign For patients Patient Info Membership plan Blog Smile Gallery Contact (817) 382-7445 Book Appointment (817) 382-7445 Book Appointment Got Broken or Missing Teeth? NO Judgment, & NO Lectures. Dentist in Fort Worth: Your Trusted Dentist - Summerbrook Dental & Implants Discover your smile No matter how long you've avoided the dentist, we can help. Welcome to Fort Worth's Smile Makeover Experts! Have You Been Avoiding the Dentist? If you’re tired of hiding your smile and avoiding your favorite foods… And if 
PAGE https://www.summerbrookdentalfw.com/about/: Dentist & Dental Care - Meet Dr. Eastwood & Our Caring Team Skip to main content Skip to footer Opens in a new tab About Services Dental Implants Dental Implants Screwless Dental Implants All-on-4 Implants Snap-In Dentures Mini Dental Implants Emergency Wisdom Tooth Extraction Cosmetic Dentistry Emergency Dentistry Sedation Dentistry Root Canal Treatment Roofless (Palate-Free) Upper Dentures Tooth Fillings Peri-Implantitis Treatment Dental Insurance Invisalign For patients Patient Info Membership plan Blog Smile Gallery Contact About Services Dental Implants Dental Implants Screwless Dental Implants All-on-4 Implants Snap-In Dentures Mini Dental Implants Emergency Wisdom Tooth Extraction Cosmetic Dentistry Emergency Dentistry Sedation Dentistry Root Canal Treatment Roofless (Palate-Free) Upper Dentures Tooth Fillings Peri-Implantitis Treatment Dental Insurance Invisalign For patients Patient Info Membership plan Blog Smile Gallery Contact About Services Dental Implants Dental Implants Screwless Dental Implants All-on-4 Implants Snap-In Dentures Mini Dental Implants Emergency Wisdom Tooth Extraction Cosmetic Dentistry Emergency Dentistry Sedation Dentistry Root Canal Treatment Roofless (Palate-Free) Upper Dentures Tooth Fillings Peri-Implantitis Treatment Dental Insurance Invisalign For patients Patient Info Membership plan Blog Smile Gallery Contact (817) 382-7445 Book Appointment (817) 382-7445 Book Appointment Meet Fort Worth Dentist Dr. Calvin Eastwood Do you feel like no matter what you do, dentistry just doesn't seem to work in your mouth? Home / About The Summerbrook Dental Difference Our Mission Dr. Eastwood founded Summerbrook Dental with the goal of providing most, if not all, dental services for his patients right at his Fort Worth office. With advanced traini
PAGE https://www.summerbrookdentalfw.com/: Top Dentist and Dental Implants - Fort Worth, TX Skip to main content Skip to footer Opens in a new tab About Services Dental Implants Dental Implants Screwless Dental Implants All-on-4 Implants Snap-In Dentures Mini Dental Implants Emergency Wisdom Tooth Extraction Cosmetic Dentistry Emergency Dentistry Sedation Dentistry Root Canal Treatment Roofless (Palate-Free) Upper Dentures Tooth Fillings Peri-Implantitis Treatment Dental Insurance Invisalign For patients Patient Info Membership plan Blog Smile Gallery Contact About Services Dental Implants Dental Implants Screwless Dental Implants All-on-4 Implants Snap-In Dentures Mini Dental Implants Emergency Wisdom Tooth Extraction Cosmetic Dentistry Emergency Dentistry Sedation Dentistry Root Canal Treatment Roofless (Palate-Free) Upper Dentures Tooth Fillings Peri-Implantitis Treatment Dental Insurance Invisalign For patients Patient Info Membership plan Blog Smile Gallery Contact About Services Dental Implants Dental Implants Screwless Dental Implants All-on-4 Implants Snap-In Dentures Mini Dental Implants Emergency Wisdom Tooth Extraction Cosmetic Dentistry Emergency Dentistry Sedation Dentistry Root Canal Treatment Roofless (Palate-Free) Upper Dentures Tooth Fillings Peri-Implantitis Treatment Dental Insurance Invisalign For patients Patient Info Membership plan Blog Smile Gallery Contact (817) 382-7445 Book Appointment (817) 382-7445 Book Appointment Got Broken or Missing Teeth? NO Judgment, & NO Lectures. Dentist in Fort Worth: Your Trusted Dentist - Summerbrook Dental & Implants Discover your smile No matter how long you've avoided the dentist, we can help. Welcome to Fort Worth's Smile Makeover Experts! Have You Been Avoiding the Dentist? If you’re tired of hiding your smile and avoiding your favorite foods… And if 
PAGE https://www.summerbrookdentalfw.com/services/dental-implants-fort-worth/: Best Dental Implants in Fort Worth, Texas Skip to main content Skip to footer Opens in a new tab About Services Dental Implants Dental Implants Screwless Dental Implants All-on-4 Implants Snap-In Dentures Mini Dental Implants Emergency Wisdom Tooth Extraction Cosmetic Dentistry Emergency Dentistry Sedation Dentistry Root Canal Treatment Roofless (Palate-Free) Upper Dentures Tooth ",LOCAL,0.9,Verified,2026-09-29T18:46:30Z,"Website clearly represents a real operating dental practice in Fort Worth, TX with a single location at 3088 Basswood Blvd. Services include cosmetic dentistry (veneers implied under smile makeover/cosmetic services), dental implants, and general dentistry. Public email hi@summerbrookdentalfw.com matches the website domain. No evidence of national/global enterprise; appears to be a local/regional practice."
contact@thecosmeticdentistsofaustin.com,The Cosmetic Dentists of Austin,https://thecosmeticdentistsofaustin.com/,Austin,TX,America/Chicago,Google Places Text Search -> public website,PASS,ChIJlx4zIwBKW4YRADs-QkfTOR0,https://www.thecosmeticdentistsofaustin.com/contact/complimentary-consultation/,"PAGE https://www.thecosmeticdentistsofaustin.com/: Cosmetic Dentists | Austin, TX | TCDA Instagram Facebook Youtube Schedule Consultation New Patients: Call Now Current Patients: Call Now Close Trigger Experience Matters The Cosmetic Dentists Of Austin Our Specialties Porcelain, Minimal-Prep, & No-Prep Veneers Correct chips, deep stains, gaps, worn edges, and uneven teeth Traditional, minimal-prep, and no-prep options tailored to your smile Receive custom porcelain designed around your face and smile Smile Makeovers Veneers, crowns, bridges, and whitening Closes gaps and straightens crooked teeth Results in as few as two visits Full-Mouth Restoration Replaces missing teeth with dental implants Restores your bite, chewing, and speech Precise jaw alignment with BioPak technology Destination Dentistry Complete a qualifying Four-Day Express Smile Makeover in one trip Begin your transformation from home with a virtual consultation Personalized appointment scheduling to coordinate with your travel itinerary Transparent Pricing & Flexible Financing Options Payments as low as $325/month Cash discounts available Last Time You Pay Policy Lifetime Dental Cleanings Why Choose The Cosmetic Dentists of Austin? Over 500 Five-Star Reviews Thousands of Smile Makeovers Completed Hundreds of Full Mouth Restorations Completed Extensive LVI Training Last Time You Pay Policy Express Smile Makeovers in One Week Complimentary In-Person Consultations Affordable Financing as Low as $325 Per Month Several Sedation Options Available Saturday appointments available Schedule Consultation Cosmetic Dentistry in Austin, TX Smiles Designed Down to the Last Detail We don't believe in one-size-fits-all dentistry. Your bite, facial features, goals, and timeline are all different, so your treatment plan is, too. We take the time to understand the entire pic
PAGE https://www.thecosmeticdentistsofaustin.com/contact/complimentary-consultation/: Complimentary Consultation | Austin, TX Instagram Facebook Youtube Schedule Consultation New Patients: Call Now Current Patients: Call Now Close Trigger Get In Touch. Complimentary Consultation. Austin's Experienced Cosmetic Dentists Complimentary Consultation The Dentists At The Cosmetic Dentists Of Austin Have Devoted Their Careers To Helping Others Realize The Smile Of Their Dreams. They have helped thousands of people, from those who had minor issues to those whose mouths had been neglected for decades. There is no condition they haven’t seen dozens of times. So you can rest assured that our dentists are experienced, gentle and compassionate. Our office is a no judgment, no embarrassment zone. So you never need fear a visit to The Cosmetic Dentists of Austin. Schedule An Appointment First Name Last Name Phone Email What bothers you the most about your smile right now? Staining, yellowing, or dullness Chipped, cracked, or worn-down teeth Crooked, crowded, or misaligned teeth Gaps or missing teeth Preferred Method Of Comunication? Text Phone Email Anything Else That You Would Like For Us To Know Regarding Your Smile? Do you have a preferred day for your appointment? Are you interested in financing or payment options Yes No By checking, you are allowing to receive appointment reminders and notification SMS communications from The Cosmetic Dentist of Austin. Frequency may vary. Data rates may apply, reply HELP for help or STOP for STOP. By checking, you are allowing to receive promotional/marketing from The Cosmetic Dentist of Austin. Frequency may vary. Data rates may apply, reply HELP for help or STOP for STOP. By checking I accept Terms of Service & Privacy Policy. Request A Consultation I understand the information disclosed in this form may be subject to re-disclos
PAGE https://www.thecosmeticdentistsofaustin.com/about-us/: About Us | Austin, TX | Cosmetic Dentists of Austin Instagram Facebook Youtube Schedule Consultation New Patients: Call Now Current Patients: Call Now Close Trigger Redefining the Dental Experience. Schedule Consultation Experience Dentistry Designed Around You Choosing a dentist is about more than finding someone who can improve your smile; it's about finding a team you trust to listen, understand your goals, and deliver care that feels as personalized as the results themselves. At The Cosmetic Dentists of Austin, we’ve built our practice around a simple philosophy: exceptional dentistry begins with an exceptional patient experience. From your very first visit, you’ll notice that we take a different approach. We believe you deserve to feel heard, never rushed, and completely confident in every decision you make about your smile. We Do More Than Create Beautiful Smiles—We Inspire Life-Changing Confidence A smile has the power to change how you see yourself and how you experience the world around you. It can give you the confidence to laugh freely, speak without hesitation, enjoy your favorite foods again, or simply feel proud when you look in the mirror. That’s why we believe dentistry is about far more than repairing teeth. It’s about helping people regain confidence, improve their quality of life, and feel like the very best version of themselves. Every treatment we provide is designed with those goals in mind. A Personalized Approach to Dentistry No two smiles are alike, so why should treatment ever be? Rather than recommending the same solutions for every patient, we take the time to understand your concerns, lifestyle, and long-term goals before creating a treatment plan that's completely customized for you. You’ll never feel pressured into treatment or like just a
PAGE https://www.thecosmeticdentistsofaustin.com/contact/out-of-town-guests/: Out of Town Guests | Austin, TX Instagram Facebook Youtube Schedule Consultation New Patients: Call Now Current Patients: Call Now Close Trigger Travel to Austin and Return Home with a New Reason to Smile. Schedule Consultation From First Conversation to a Stunning Smile Your destination dentistry experience is carefully",LOCAL,0.95,Verified,2026-09-29T18:47:10Z,"Website clearly represents a real operating cosmetic dentistry practice in Austin, TX with specific local address (2700 Barton Creek Blvd Suite 130), local phone number (512-333-7777), and public email on the website domain (contact@thecosmeticdentistsofaustin.com). Content emphasizes local Austin service, personalized care, and community presence with 500+ five-star reviews. Single-location practice with no evidence of national/enterprise scale."
downtown@austincosmetic.com,"Austin Cosmetic Dentistry by Tejas Patel, DDS",https://austincosmetic.com/,Austin,TX,America/Chicago,Google Places Text Search -> public website,PASS,ChIJPWLoDgm1RIYRj-OzwJj___U,https://austincosmetic.com/,"PAGE https://austincosmetic.com/: Dentist in Austin, TX | Austin Cosmetic Dentistry SEPTEMBER OFFER! 10% OFF ON SAME DAY CROWNs & VENEERS HOME VENEERS PORCELAIN VENEERS FREQUENT ASKED QUESTIONS MINIMAL PREP / NO PREP VENEERS COSMETIC DENTISTRY COST OF VENEERS TRAVELING PATIENTS SERVICES SAME-DAY CROWNS EMERGENCY DENTISTRY COMPREHENSIVE DENTISTRY INVISALIGN DENTAL IMPLANTS ORAL SURGERY OUR TEAM BLOG COURSES VIRTUAL CONSULT APPOINTMENTS Dentist in Austin, TX SCHEDULE A FREE CONSULT SMILE MAKEOVERS Everyone deserves to smile with confidence SCHEDULE A FREE CONSULT Porcelain veneers improve The color, size, shape, and straightness the overall look of your smile the brightness of your smile MORE ABOUT VENEERS STEPS TO YOUR NEW SMILE Consult & Smile Design Placing Temporaries Placing Permanents START NOW MEET THE DOCTOR DR. TEJAS PATEL Dr. Tejas Patel and his team have completed thousands of Veneers and Smile Makeovers . They have patients from all over the country fly to see them for their expertise. A rising celebrity dentist on Tiktok and Instagram, with over 2 million followers, he has become known for his viral videos and celebrity/influencer smile makeovers . Read More MEET THE DOCTOR Dr. Bradford Dr. Bradford Picot brings two decades of experience in cosmetic and comprehensive dentistry to Austin Cosmetic Dentistry. A Morehead-Cain Scholar, he earned both his business and dental degrees from the University of North Carolina at Chapel Hill before completing a general practice residency at Palmetto Health Richland. Read More Expert Care for Every Smile Same-day crowns Skip the second appointment, our CEREC technology designs, mills, and places your custom crown in a single visit. Emergency dentistry Dental emergencies don’t wait, and neither do we. Same-day appointments are always available for patients 
PAGE https://austincosmetic.com/about-dr-patel/: About | Austin Cosmetic Dentistry By Tejas Patel DDS SEPTEMBER OFFER! 10% OFF ON SAME DAY CROWNs & VENEERS HOME VENEERS PORCELAIN VENEERS FREQUENT ASKED QUESTIONS MINIMAL PREP / NO PREP VENEERS COSMETIC DENTISTRY COST OF VENEERS TRAVELING PATIENTS SERVICES SAME-DAY CROWNS EMERGENCY DENTISTRY COMPREHENSIVE DENTISTRY INVISALIGN DENTAL IMPLANTS ORAL SURGERY OUR TEAM BLOG COURSES VIRTUAL CONSULT APPOINTMENTS ABOUT US MEET DR. PATEL Dr. Patel decided to pursue dentistry as a profession in order to help others. Dr Patel graduated from the University of Texas Dental School in 2002, and has been practicing dentistry for 20 years. Dr. Patel found that cosmetic dentistry allowed him to blend his love of science and the arts while helping improve people’s self-confidence by creating beautiful smiles. Dr. Patel has been doing veneers and smile makeovers for the past 20 years and has become one of the top cosmetic dentists in the United States. He and his team see patients from all over the United States at their Austin, Texas Cosmetic Dental Office. ABOUT US Meet Dr. Bradford Dr. Bradford Picot brings two decades of experience in cosmetic and comprehensive dentistry to Austin Cosmetic Dentistry. A Morehead-Cain Scholar, he earned both his business and dental degrees from the University of North Carolina at Chapel Hill before completing a general practice residency at Palmetto Health Richland. In 2004, he founded the UNC Malawi Dental Project, sends dental students to Malawi, Africa every year. He is also a proud member of Alpha Phi Alpha Fraternity, Inc., Dr. Bradford has completed thousands of hours of continuing education and studied at some of the world’s most respected dental institutes, including the Pankey Institute. His experience includes porcelain veneers, smile makeovers,
PAGE https://austincosmetic.com/veneers/: Veneers in Austin, TX | Austin Cosmetic Dentistry SEPTEMBER OFFER! 10% OFF ON SAME DAY CROWNs & VENEERS HOME VENEERS PORCELAIN VENEERS FREQUENT ASKED QUESTIONS MINIMAL PREP / NO PREP VENEERS COSMETIC DENTISTRY COST OF VENEERS TRAVELING PATIENTS SERVICES SAME-DAY CROWNS EMERGENCY DENTISTRY COMPREHENSIVE DENTISTRY INVISALIGN DENTAL IMPLANTS ORAL SURGERY OUR TEAM BLOG COURSES VIRTUAL CONSULT APPOINTMENTS OUR SERVICES Veneers in Austin, TX SCHEDULE A FREE CONSULT LEARN MORE Porcelain Veneers in Austin TX What do you not like about your smile? Do you have discoloration of your teeth? Or are your teeth cracked, chipped, and you have unwanted gaps or spaces between your teeth? We want you to have a confident smile. One that is natural and one that you can be proud of. If you have any of these issues – you could be a perfect candidate for veneers. Veneers are thin shells of porcelain that a cosmetic dentist puts on top of your teeth to give your smile a more aesthetic look. COULD YOU BE A CANDIDATE FOR VENEERS? Are you a good candidate for Veneers? Is your gum line uneven, giving the appearance of your teeth being too short Are your Teeth crowded, crooked, or spaced out Are your Teeth chipped Are your Teeth stained, discolored beyond the help of whitening SCHEDULE A FREE CONSULT THE PROCESS 4 steps to your new smile 1 Consultation In Office Virtual In FaceTime 2 Smile Design Smile Design Impressions 3 Temporaries Prep Teeth Place Temporaries 4 Finals Placement of Permanent Veneers MORE ABOUT VENEERS Getting a smile makeover with porcelain veneers is about getting a more confident smile. What if you had more confidence meeting people and didn’t have to hide your smile? A Very Natural and Beautiful Smile Can Dramatically Improve One’s Confidence. Having Beautiful Teeth That Are S
PAGE https://austincosmetic.com/about-dr-patel/: About | Austin Cosmetic Dentistry By Tejas Patel DDS SEPTEMBER OFFER! 10% OFF ON SAME DAY CROWNs & VENEERS HOME VENEERS PORCELAIN VENEERS FREQUENT ASKED QUESTIONS MINIMAL PREP / NO PREP VENEERS COSMETIC DENTISTRY COST OF VENEERS TRAVELING PATIENTS SERVICES SAME-DAY CROWNS EMERGENCY DENTISTRY COMPREHENSIVE DENTISTRY INVISALIGN DENTAL IMPLANTS ORAL SURGERY OUR TEAM BLOG COURSES VIRTUAL CONSULT APPOINTMENTS ABOUT US MEET D",LOCAL,0.95,Verified,2026-09-29T18:47:21Z,"Website clearly represents a real operating dental practice in Austin, TX focused on smile makeovers and cosmetic dentistry. Single location at 221 W 6th St #940, Austin, TX 78701. Public email downtown@austincosmetic.com matches website domain. Practice serves local/regional patients with some national draw for cosmetic procedures, but operates as a local clinic with two dentists. No evidence of national chain or enterprise scale."
patients@solasmileaustin.com,Sola Smile Co.,https://solasmileaustin.com/,Austin,TX,America/Chicago,Google Places Text Search -> public website,PASS,ChIJSauP9hm1RIYRoJHVPIKJTv0,https://solasmileaustin.com/p/dentist-South-Austin-TX-Contact-Us-p62271.asp,"PAGE https://solasmileaustin.com/: Dentist South Austin, TX | Sola Smile Co Accessibility A A A 512-615-9405 Home About Us Meet Dr. Audrey Su Meet Dr. Carson Jett Meet Our Team Dental Technology Tour the Office For Patients New Patients and Your First Visit Financial and Insurance Dental Reviews Membership Plans Dental Blog Dental Services Family Dentistry Restorative Dentistry Cosmetic Dentistry Biological Dentistry Invisalign Dental Implants Contact Us 512-615-9405 Home About Us Meet Dr. Audrey Su Meet Dr. Carson Jett Meet Our Team Dental Technology Tour the Office For Patients New Patients and Your First Visit Financial and Insurance Dental Reviews Membership Plans Dental Blog Dental Services Family Dentistry Restorative Dentistry Cosmetic Dentistry Biological Dentistry Invisalign Dental Implants Contact Us Sola Smile Co. Austin, TX Invisalign Clear Aligners Cosmetic Dentistry Smile with Confidence Biological Dentistry Long Lasting Smile Your Trusted Dentist in South Austin, TX At Sola Smile Co., Dr. Audrey Su and Dr. Carson Jett are committed to help patients to take control of their dental health and self-esteem. Our focus is conservative, wellness-based cosmetic and restorative dentistry that utilizes the most biocompatible materials and techniques. We want our patients to achieve long-term oral health and realize the positive impacts this has on their overall health. Our joy is helping achieve healthy, beautiful, long-lasting smile. Our skilled and compassionate team focuses on each patient’s individuals goals, needs, and expectations. Each member of our team is highly committed to personalized care and building trusting relationships with our patients. We fully understand the great gift and responsibility of taking care of our patients. We love to laugh and are happy to do whatever we need to mak
PAGE https://solasmileaustin.com/p/dentist-South-Austin-TX-About-Us-p62214.asp: Dentist South Austin, TX | About Sola Smile Co. Accessibility A A A 512-615-9405 Home About Us Meet Dr. Audrey Su Meet Dr. Carson Jett Meet Our Team Dental Technology Tour the Office For Patients New Patients and Your First Visit Financial and Insurance Dental Reviews Membership Plans Dental Blog Dental Services Family Dentistry Restorative Dentistry Cosmetic Dentistry Biological Dentistry Invisalign Dental Implants Contact Us 512-615-9405 Home About Us Meet Dr. Audrey Su Meet Dr. Carson Jett Meet Our Team Dental Technology Tour the Office For Patients New Patients and Your First Visit Financial and Insurance Dental Reviews Membership Plans Dental Blog Dental Services Family Dentistry Restorative Dentistry Cosmetic Dentistry Biological Dentistry Invisalign Dental Implants Contact Us Home › About Us About Sola Smile Co. At Sola Smile Co. we believe the mouth is the gateway to the body—and we're committed to treating you with a whole-body, wellness-focused approach. Located in South Austin, we are a privately owned dental practice offering comprehensive care in a spa-like, relaxing, and judgment-free environment. Led by Dr. Audrey Su and Dr. Carson Jett, our team of highly trained providers offers a wide range of services, including general and cosmetic dentistry, Invisalign , and biological dental services such as safe mercury removal (SMART). We utilize state-of-the-art technology to provide comfortable and convenient same-day solutions. We also partner with a trusted network of skilled specialists to ensure every aspect of your care is thoughtfully coordinated and expertly delivered. Our team is passionate about continued learning and professional growth so we can provide the highest standard of care for our patients. Founded in 2011 by Dr. Thomas Gent, Sola Smile Co. 
PAGE https://solasmileaustin.com/p/dentist-South-Austin-TX-Meet-Our-Team-p62279.asp: Meet Our Team | Dentist in Austin, TX Accessibility A A A 512-615-9405 Home About Us Meet Dr. Audrey Su Meet Dr. Carson Jett Meet Our Team Dental Technology Tour the Office For Patients New Patients and Your First Visit Financial and Insurance Dental Reviews Membership Plans Dental Blog Dental Services Family Dentistry Restorative Dentistry Cosmetic Dentistry Biological Dentistry Invisalign Dental Implants Contact Us 512-615-9405 Home About Us Meet Dr. Audrey Su Meet Dr. Carson Jett Meet Our Team Dental Technology Tour the Office For Patients New Patients and Your First Visit Financial and Insurance Dental Reviews Membership Plans Dental Blog Dental Services Family Dentistry Restorative Dentistry Cosmetic Dentistry Biological Dentistry Invisalign Dental Implants Contact Us Home › About Us › Meet Our Team Meet Our Team We recognize that all our patients are unique and deserve to receive dental care that reflects their individual needs. Our experienced and talented dental team is committed to working with you and your family to create a comfortable, stress-free, and rewarding dental experience every time you visit our practice. We are pleased to welcome you and your family, and we look forward to working with you. Sara S. Office Manager Sara was born and raised in Longmont, Co. A skilled athlete, she attended Southern Oregon University on a basketball scholarship. After graduation, she spent a year living abroad in Australia. It was an amazing experience and gave Sara a whole new perspective on life and travel. In 2009 Sara moved to Austin, TX and began her career in the Dental industry in 2015. Sara is highly knowledgeable in all aspects of dental practice management and is especially skilled at navigating the world of dental benefits and coordinating the financial aspec
PAGE https://solasmileaustin.com/p/dentist-South-Austin-TX-Dental-Services-p62270.asp: Dental Services South Austin, TX | Sola Smile Co Accessibility A A A 512-615-9405 Home About Us Meet Dr. Audrey Su Meet Dr. Carson Jett Meet Our Team Dental Technology Tour the Office For Patients New Patients and Your First Visit Financial and Insurance Dental Reviews Membership Plans Dental Blog Dental Serv",LOCAL,0.95,Verified,2026-09-29T18:47:57Z,"Website clearly represents a real, operating dental practice in South Austin, TX. It lists specific dentists (Dr. Audrey Su, Dr. Carson Jett), a physical address matching the candidate (8701 Menchaca Rd Bldg 3, Suite 200), and a public email on the website domain (patients@solasmileaustin.com). Services include cosmetic dentistry and smile makeovers (Invisalign, veneers, whitening). The practice is described as privately owned, founded in 2011, with a single location, indicating a local scale."
info@smilecreationsatx.com,Smile Creations,https://smilecreationsatx.com/,Austin,TX,America/Chicago,Google Places Text Search -> public website,PASS,ChIJGeTqQGhMW4YRaaB7ktOTWzg,https://www.smilecreationsatx.com/,"PAGE https://www.smilecreationsatx.com/: Austin Dentists - Smile Creations HOME About Us About Us Why Choose Us Meet the Team Services General Dentistry Cleanings & Exams Dental Emergencies Dental Fillings Explore General Dentistry Cosmetic Dentistry Bonding Clear Aligners SureSmile Aligners Explore Cosmetic Dentistry Restorative Dentistry Bridges Crowns Root Canals Explore Restorative Dentistry Periodontal Treatment Crown Lengthening Scaling & Root Planing Explore Periodontal Treatment Dental Implants All-on-Fours Implant Supported Dentures Explore Dental Implants TMJ Therapy Explore TMJ Therapy Explore All Services Patient Information Patient Information First Visit & Forms Insurance/Financing Smile Gallery Blog CONTACT Request APPOINTMENT Make Payment (512) 280-8800 Dedicated to providing exceptional dental care . Request APPOINTMENT Make Payment (512) 280-8800 About Us . We are a family owned, private dental practice focused on building lasting relationships with our patients. We believe that this relationship should be based on a mutual trust and confidence, and put this at the core of our practice. Our doctors and staff are committed to every patient, and show them at every visit that we care about them and their oral health. More about Smile Creations Our Services Explore Our Services Meet Our Team Meet Our Team Smile Gallery Explore Smile Gallery Dr. Matthew Heck Dr. Annalisa Heck Meet Our Doctors . Dr. Matthew Heck As a native Texan, I have been drawn to the Austin area for as long as I can remember. The unique culture and vibrant community here is very special, and my wife and I feel very fortunate to be able to practice and raise a family in this city. Since we were married in 2010, Annalisa and I have lived in South Austin, and have been blessed with two sons, Grayson and Everett, and our daughter 
PAGE https://www.smilecreationsatx.com/about: About Us | Smile Creations in Austin, TX HOME About Us About Us Why Choose Us Meet the Team Services General Dentistry Cleanings & Exams Dental Emergencies Dental Fillings Explore General Dentistry Cosmetic Dentistry Bonding Clear Aligners SureSmile Aligners Explore Cosmetic Dentistry Restorative Dentistry Bridges Crowns Root Canals Explore Restorative Dentistry Periodontal Treatment Crown Lengthening Scaling & Root Planing Explore Periodontal Treatment Dental Implants All-on-Fours Implant Supported Dentures Explore Dental Implants TMJ Therapy Explore TMJ Therapy Explore All Services Patient Information Patient Information First Visit & Forms Insurance/Financing Smile Gallery Blog CONTACT Request APPOINTMENT Make Payment (512) 280-8800 Home About Us Your Trusted Dental Team in Austin, TX Request APPOINTMENT Make Payment (512) 280-8800 ABOUT US . At Smile Creations, we are dedicated to providing high-quality dental care in a warm and welcoming environment. Led by Dr. Matthew Heck and Dr. Annalisa Heck, our team is committed to helping every patient achieve a healthy, beautiful smile. Whether you're visiting us for routine cleanings, advanced dental restorations, or cosmetic treatments, we prioritize your comfort, satisfaction, and long-term oral health. We take pride in building strong, lasting relationships with our patients, offering personalized dental care to meet the unique needs of individuals and families throughout the Austin area. Our practice focuses on prevention, education, and tailored treatments to ensure your smile stays healthy and radiant for years to come. Request APPOINTMENT Our Mission . At Smile Creations, our mission is to provide compassionate, patient-centered dental care that enhances the health, function, and aesthetics of your smile. We believe
PAGE https://www.smilecreationsatx.com/about/why-choose-us: Why Choose Our Austin Dentists - Smile Creations HOME About Us About Us Why Choose Us Meet the Team Services General Dentistry Cleanings & Exams Dental Emergencies Dental Fillings Explore General Dentistry Cosmetic Dentistry Bonding Clear Aligners SureSmile Aligners Explore Cosmetic Dentistry Restorative Dentistry Bridges Crowns Root Canals Explore Restorative Dentistry Periodontal Treatment Crown Lengthening Scaling & Root Planing Explore Periodontal Treatment Dental Implants All-on-Fours Implant Supported Dentures Explore Dental Implants TMJ Therapy Explore TMJ Therapy Explore All Services Patient Information Patient Information First Visit & Forms Insurance/Financing Smile Gallery Blog CONTACT Request APPOINTMENT Make Payment (512) 280-8800 Home About Us Why Choose Us Why Choose Us . Request APPOINTMENT Make Payment (512) 280-8800 Our Philosophy We are a family owned, private dental practice focused on building lasting relationships with our patients. We believe that this relationship should be based on a mutual trust and confidence, and put this at the core of our practice. Our doctors and staff are committed to every patient, and show them at every visit that we care about them and their oral health. Our Standard Our doctors are dedicated to providing the highest quality care that modern dentistry has to offer. Dr. Heck has completed extensive training in comprehensive dentistry, and chooses to only work with the best materials, equipment, and laboratories. Additionally, our visiting specialists combine their years of experience and training to provide top quality surgical care to our patients. Our Team Our doctors and staff are committed to providing the highest quality dentistry for our patients in a comfortable and welcoming atmosphere. We work diligently to mai
PAGE https://www.smilecreationsatx.com/about/meet-the-team: Team - Austin Dentists - Smile Creations HOME About Us About Us Why Choose Us Meet the Team Services General Dentistry Cleanings & Exams Dental Emergencies Dental Fillings Explore General Dentistry Cosmetic Dentistry Bonding Clear Aligners SureSmile Aligners Explore Cosmetic Dentistry Restorative Dentistry Bridges Crowns Root Canals Explore Restorative Dentistry Periodontal Treatment Cro",LOCAL,0.95,Verified,2026-09-29T18:48:19Z,"Website clearly represents a real, family-owned dental practice in South Austin with two named dentists (Dr. Matthew Heck and Dr. Annalisa Heck), a single physical address on W Slaughter Ln, and a public email on the website domain (info@smilecreationsatx.com). Content emphasizes local community ties, personalized care, and a single-location private practice — consistent with LOCAL scale."
crud@dentistryart.com,Crossroads Dentistry,http://dentistryart.com/,Kansas City,MO,America/Chicago,Google Places Text Search -> public website,PASS,ChIJL1DEzUPwwIcRgQmpLj6byqU,https://dentistryart.com/,"PAGE https://dentistryart.com/: Crossroads Dentistry This is our new (under construction) website Crossroads Dentistry Crossroads Dentistry Crossroads Dentistry Crossroads Dentistry Home Make an Appointment Patient Login Payments Crossroads Dentistry Crossroads Dentistry Crossroads Dentistry Crossroads Dentistry Home Make an Appointment Patient Login Payments More Home Make an Appointment Patient Login Payments Home Make an Appointment Patient Login Payments (816) 841-0206 Your Smile is Our Passion Your Smile is Our Passion Your Smile is Our Passion Your Smile is Our Passion We are dedicated to helping you achieve a healthy and beautiful smile Appointment Patient Forms Welcome to Crossroads Dentistry Highly Trained Dental Professionals Highly Trained Dental Professionals Highly Trained Dental Professionals At Crossroads Dentistry, our team of dental professionals comprises highly skilled and trained individuals who have dedicated their lives to providing the best possible dental care for their patients. We use the latest technology and techniques to ensure that our patients receive the highest level of care possible. Personalized Dental Care Highly Trained Dental Professionals Highly Trained Dental Professionals We understand that every patient's dental needs are unique, which is why we provide personalized dental care tailored to meet your individual needs. We take the time to listen to your concerns, answer your questions, and develop a treatment plan that is tailored to your specific needs and goals. State-of-the-art Facilities Highly Trained Dental Professionals State-of-the-art Facilities At Crossroads Dentistry, we are committed to providing our patients with the latest technology and state-of-the-art facilities. We use advanced diagnostic tools and equipment to ensure that our patients receive ",LOCAL,0.85,Verified,2026-09-29T19:23:06Z,"Website clearly represents a real operating dental practice at the target address in Kansas City's Crossroads district. Content describes personalized dental care, highly trained professionals, and state-of-the-art facilities - consistent with a local cosmetic/general dentistry practice. Public email uses the website domain (dentistryart.com). Single-location practice indicated by address and local phone number (816 area code)."
mail@drbruso.com,"Bruso Dental (Kristopher J. Bruso, DDS)",http://drbruso.com/,Kansas City,MO,America/Chicago,Google Places Text Search -> public website,PASS,ChIJi2Gc_13wwIcRXSkKW2Epi-E,https://www.drbruso.com/,"PAGE https://www.drbruso.com/: Bruso Dental Sign In My Account About Cosmetic Preventative Post Treatment Care New Patients Contact 816.221.8686 Back Our Team Our Practice Smile Gallery/Reviews Digital X-Rays IntraOral Scanner Back Dental Implants Porcelain Veneers Porcelain Crowns Tooth Colored Fillings Teeth Whitening Invisalign Root Canal Therapy Back Oral Cancer Screenings TMJ Neuromuscular Periodontal Therapy Back Dental Implants Extraction Periodontal Crowns and Fillings Root Canal Teeth Whitening Sign In My Account About Our Team Our Practice Smile Gallery/Reviews Digital X-Rays IntraOral Scanner Cosmetic Dental Implants Porcelain Veneers Porcelain Crowns Tooth Colored Fillings Teeth Whitening Invisalign Root Canal Therapy Preventative Oral Cancer Screenings TMJ Neuromuscular Periodontal Therapy Post Treatment Care Dental Implants Extraction Periodontal Crowns and Fillings Root Canal Teeth Whitening New Patients Contact 816.221.8686 Scroll Kristopher Bruso DDS Kansas City’s Trusted Provider Contact Us a healthy smile GOes a long way Excellent Care Provides Peace of Mind Kristopher Bruso, DDS and our highly trained team provide patients with comprehensive care to encourage optimal oral health. We work diligently to prevent issues before they arise and foster trusting relationships to promote consistent dental visits over a lifetime. call for appointment with Dr Bruso Serving Smiles in Downtown Kansas City Since 1992 Expertise ● Compassion ● Convenience ● Trust Dr. Kris Bruso A native of Parsons, Kansas, Dr. Kristopher Bruso is a 1982 graduate of the University of Kansas. He received his Doctor of Dental Surgery (DDS) degree from the University of Missouri-Kansas City in 1986. Upon graduation, he began his career on the Country Club Plaza. He joined the office of Dr. Deana Paulsen Bender in 1992
PAGE https://www.drbruso.com/contact: Contact — Bruso Dental Sign In My Account About Cosmetic Preventative Post Treatment Care New Patients Contact 816.221.8686 Back Our Team Our Practice Smile Gallery/Reviews Digital X-Rays IntraOral Scanner Back Dental Implants Porcelain Veneers Porcelain Crowns Tooth Colored Fillings Teeth Whitening Invisalign Root Canal Therapy Back Oral Cancer Screenings TMJ Neuromuscular Periodontal Therapy Back Dental Implants Extraction Periodontal Crowns and Fillings Root Canal Teeth Whitening Sign In My Account About Our Team Our Practice Smile Gallery/Reviews Digital X-Rays IntraOral Scanner Cosmetic Dental Implants Porcelain Veneers Porcelain Crowns Tooth Colored Fillings Teeth Whitening Invisalign Root Canal Therapy Preventative Oral Cancer Screenings TMJ Neuromuscular Periodontal Therapy Post Treatment Care Dental Implants Extraction Periodontal Crowns and Fillings Root Canal Teeth Whitening New Patients Contact 816.221.8686 Contact Us Please do not submit sensitive medical information through this form. 816.221.8686 mail@drbruso.com Locate Us Below is our office address and directions to our parking garage: Kristopher J Bruso DDS 1111 Main St. Suite 306 Kansas City, MO 64105 816-221-8686 The Main Street Parking Garage is located at 1034 Main St. This is on the west side of Main St. between 10th St. and 11th St. Drive up to the top level where you can see the sky. Take the skywalk across to our building, turn right and look for the elevators on the right hand side. (Harzfeld’s elevators) Come up and see us on the third floor! When you enter the garage, a license plate reader will register your tag. We will need your license plate number in order to validate your parking. Please snap a picture of your license plate with your phone and then we can validate your parking when you",LOCAL,0.95,Verified,2026-09-29T19:23:37Z,"Website clearly represents a single-location cosmetic and general dentistry practice operating since 1992 at 1111 Main St #306, Kansas City, MO 64105. The public email mail@drbruso.com is on the website domain. Content emphasizes local service ('Serving Smiles in Downtown Kansas City Since 1992'), lists cosmetic services (veneers, whitening, Invisalign, implants), and provides specific local parking directions. No evidence of multi-location or enterprise scale."
info@nkcdental.com,NKC Dental,https://nkcdental.com/,North Kansas City,MO,America/Chicago,Google Places Text Search -> public website,PASS,ChIJt7L1V7HwwIcRznL0sL8fQDY,https://www.nkcdental.com/,"PAGE https://www.nkcdental.com/: Family Dental Care Services in Kansas City, MO North Kansas City 816-471-2911 2000 Swift St North Kansas City, MO 64116 West Plaza 913-350-1111 1901 W 47th Pl, #101 Westwood, KS 66205 Leawood 913-451-0006 4300 W 133rd St, Suite 100 Leawood, KS 66209 Services All-on-X Implants Cosmetic Dentistry Dental Implants Endodontics Frenectomy Full Mouth Reconstruction Laser Dentistry Oral Surgery Pediatric Dentistry Periodontal Preventative Dentistry Restorative Dentistry Sedation Dentistry Sleep Disorders & TMJ Treatment About Us Meet the Providers Dental Technology Office Tour Testimonials In the Community Patient Resources Initial Visit Insurance & Financing New Patient Forms Rate Our Office Leawood North Kansas City West Plaza Smile Gallery Blog Pay Online Schedule Appointment Contact Us Contact Us North Kansas City Contact Us West Plaza Contact Us Leawood 816-471-2911 Services All-on-X Implants Cosmetic Dentistry Dental Implants Endodontics Frenectomy Full Mouth Reconstruction Laser Dentistry Oral Surgery Pediatric Dentistry Periodontal Preventative Dentistry Restorative Dentistry Sedation Dentistry Sleep Disorders & TMJ Treatment About Us Meet the Providers Dental Technology Office Tour Testimonials In the Community Patient Resources Initial Visit Insurance & Financing New Patient Forms Rate Our Office Leawood North Kansas City West Plaza Smile Gallery Blog Pay Online Schedule Appointment Contact Us Contact Us North Kansas City Contact Us West Plaza Contact Us Leawood Welcome to NKC Dental Our Mission is Your Winning Smile About Us Schedule Appointment Welcome to NKC Dental Our Mission is Your Winning Smile About Us Schedule Appointment Welcome to NKC Dental Our Mission is Your Winning Smile About Us Schedule Appointment All-On-X Implants All-On-X Implants offer a permanent
PAGE https://www.nkcdental.com/contact-us/: Dental Appointment Scheduling in Kansas City, MO, Area North Kansas City 816-471-2911 2000 Swift St North Kansas City, MO 64116 West Plaza 913-350-1111 1901 W 47th Pl, #101 Westwood, KS 66205 Leawood 913-451-0006 4300 W 133rd St, Suite 100 Leawood, KS 66209 Services All-on-X Implants Cosmetic Dentistry Dental Implants Endodontics Frenectomy Full Mouth Reconstruction Laser Dentistry Oral Surgery Pediatric Dentistry Periodontal Preventative Dentistry Restorative Dentistry Sedation Dentistry Sleep Disorders & TMJ Treatment About Us Meet the Providers Dental Technology Office Tour Testimonials In the Community Patient Resources Initial Visit Insurance & Financing New Patient Forms Rate Our Office Leawood North Kansas City West Plaza Smile Gallery Blog Pay Online Schedule Appointment Contact Us Contact Us North Kansas City Contact Us West Plaza Contact Us Leawood 816-471-2911 Services All-on-X Implants Cosmetic Dentistry Dental Implants Endodontics Frenectomy Full Mouth Reconstruction Laser Dentistry Oral Surgery Pediatric Dentistry Periodontal Preventative Dentistry Restorative Dentistry Sedation Dentistry Sleep Disorders & TMJ Treatment About Us Meet the Providers Dental Technology Office Tour Testimonials In the Community Patient Resources Initial Visit Insurance & Financing New Patient Forms Rate Our Office Leawood North Kansas City West Plaza Smile Gallery Blog Pay Online Schedule Appointment Contact Us Contact Us North Kansas City Contact Us West Plaza Contact Us Leawood Contact Us Please Select a Location North Kansas City 816-471-2911 2000 Swift St North Kansas City, MO 64116 Monday: 6:30 AM - 6:00 PM Tuesday: 6:30 AM - 6:00 PM Wednesday: 6:30 AM - 6:00 PM Thursday: 6:30 AM - 6:00 PM Friday: 8:00 AM - 2:00 PM Saturday: CLOSED Sunday: CLOSED Contact Us West Plaza 913-
PAGE https://www.nkcdental.com/about-us/: Trusted Dental Practice Information in Kansas City, MO North Kansas City 816-471-2911 2000 Swift St North Kansas City, MO 64116 West Plaza 913-350-1111 1901 W 47th Pl, #101 Westwood, KS 66205 Leawood 913-451-0006 4300 W 133rd St, Suite 100 Leawood, KS 66209 Services All-on-X Implants Cosmetic Dentistry Dental Implants Endodontics Frenectomy Full Mouth Reconstruction Laser Dentistry Oral Surgery Pediatric Dentistry Periodontal Preventative Dentistry Restorative Dentistry Sedation Dentistry Sleep Disorders & TMJ Treatment About Us Meet the Providers Dental Technology Office Tour Testimonials In the Community Patient Resources Initial Visit Insurance & Financing New Patient Forms Rate Our Office Leawood North Kansas City West Plaza Smile Gallery Blog Pay Online Schedule Appointment Contact Us Contact Us North Kansas City Contact Us West Plaza Contact Us Leawood 816-471-2911 Services All-on-X Implants Cosmetic Dentistry Dental Implants Endodontics Frenectomy Full Mouth Reconstruction Laser Dentistry Oral Surgery Pediatric Dentistry Periodontal Preventative Dentistry Restorative Dentistry Sedation Dentistry Sleep Disorders & TMJ Treatment About Us Meet the Providers Dental Technology Office Tour Testimonials In the Community Patient Resources Initial Visit Insurance & Financing New Patient Forms Rate Our Office Leawood North Kansas City West Plaza Smile Gallery Blog Pay Online Schedule Appointment Contact Us Contact Us North Kansas City Contact Us West Plaza Contact Us Leawood About Us Our Approach At NKC Dental, our goal is to provide the highest quality dental care in the Kansas City area. Our friendly and caring team will deliver attentive, individualized, patient-centered comprehensive care in a relaxed and welcoming environment. Patients can feel comfortable and confide",REGIONAL,0.9,Verified,2026-09-29T19:26:50Z,"Website clearly represents a real operating dental practice with multiple locations in the Kansas City metro area (North Kansas City MO, Westwood KS, Leawood KS). Offers cosmetic dentistry services explicitly listed. Public email info@nkcdental.com matches website domain. Multi-location regional practice fits REGIONAL scale class."
drnikki@kansascitysmiles.com,Kansas City Smiles & Co,https://kansascitysmiles.com/,Independence,MO,America/Chicago,Google Places Text Search -> public website,PASS,ChIJUaeXeEjwwIcRs9f__xAThqg,https://www.kansascitysmiles.com/,"PAGE https://www.kansascitysmiles.com/: Dentist in Independence and Blue Springs, MO - Kansas City Smiles & Co Skip to Content Independence – 816-373-7374 Blue Springs – 816-229-4010 Emergency? Book Appointment Independence Schedule Online Blue Springs Request Appointment Home About Dr. Nikki Christian- Independence, MO Dr. Wesley Christian- Blue Springs, MO New Patient Resources Commmunity Involvement Smile Gallery FAQs Patient Reviews Services Financial External Payment Plans Dental Membership Plan Pay Online – Dr. Nikki Pay Online – Dr. Wes Blog Locations Independence, MO Blue Springs, MO Menu Preventative Dental Care Bad Breath Treatment Cold Sore Treatments Dental Checkups Emergency Dentistry Gum Disease Treatment Mouthguards & Night Guards Pediatric Dentistry Cavity Fillings and Dental Sealants Restorative Dentistry All-on-4 Dental Implants Dental Bone Grafting Dental Crowns and Bridges Dental Implants Dentures Full-Mouth Reconstruction Retainers Root Canal Treatment Sleep Apnea TMJ Disorder Treatment Tooth Extractions Wisdom Teeth Removal Cosmetic Dentistry Dental Bonding Dental Inlays & Onlays Dental Veneers Invisalign® Smile Makeover Teeth Whitening Specialty Services Invisalign® Dental Implants Full-Mouth Reconstruction Dental Checkups All Services Independence, MO 3820 South Whitney Ave Independence, MO 64055 View Location Blue Springs, MO 1400 South Outer Road Blue Springs, MO 64015 View Location Your Trusted Dentists in Independence and Blue Springs, MO Preventative, Restorative, and Cosmetic Dentistry Meet Our Doctors Accepting New Patients We are excited to welcome new patients to our practice! Whether you’re new to the area or looking for a new dental home, our friendly and experienced team is here to help. You will find a wide variety of dental services to choose from, customized to suit your
PAGE https://www.kansascitysmiles.com/locations/: Missouri Dentist Office Locations - Kansas City Smiles & Co. Skip to Content Independence – 816-373-7374 Blue Springs – 816-229-4010 Emergency? Book Appointment Independence Schedule Online Blue Springs Request Appointment Home About Dr. Nikki Christian- Independence, MO Dr. Wesley Christian- Blue Springs, MO New Patient Resources Commmunity Involvement Smile Gallery FAQs Patient Reviews Services Financial External Payment Plans Dental Membership Plan Pay Online – Dr. Nikki Pay Online – Dr. Wes Blog Locations Independence, MO Blue Springs, MO Menu Preventative Dental Care Bad Breath Treatment Cold Sore Treatments Dental Checkups Emergency Dentistry Gum Disease Treatment Mouthguards & Night Guards Pediatric Dentistry Cavity Fillings and Dental Sealants Restorative Dentistry All-on-4 Dental Implants Dental Bone Grafting Dental Crowns and Bridges Dental Implants Dentures Full-Mouth Reconstruction Retainers Root Canal Treatment Sleep Apnea TMJ Disorder Treatment Tooth Extractions Wisdom Teeth Removal Cosmetic Dentistry Dental Bonding Dental Inlays & Onlays Dental Veneers Invisalign® Smile Makeover Teeth Whitening Specialty Services Invisalign® Dental Implants Full-Mouth Reconstruction Dental Checkups All Services Independence, MO 3820 South Whitney Ave Independence, MO 64055 View Location Blue Springs, MO 1400 South Outer Road Blue Springs, MO 64015 View Location Our Missouri Dentist Office Locations Visit Kansas City Smiles in Independence or Blue Springs, MO View Location Independence, MO 3820 South Whitney Ave Independence, MO 64055 View Map Hours Monday: 7:00 am - 5:00 pm Tuesday: 8:00 am - 5:00 pm Wednesday: 7:00 am - 4:00 pm Thursday: 8:00 am - 5:00 pm Friday: 8:00 am - 3:00 pm Phone 816-373-7374 Email Address [email protected] View Location Blue Springs, MO 1400 Sout
PAGE http://www.kansascitysmiles.com/about/: About Kansas City Smiles & Co. Dental Office Skip to Content Independence – 816-373-7374 Blue Springs – 816-229-4010 Emergency? Book Appointment Independence Schedule Online Blue Springs Request Appointment Home About Dr. Nikki Christian- Independence, MO Dr. Wesley Christian- Blue Springs, MO New Patient Resources Commmunity Involvement Smile Gallery FAQs Patient Reviews Services Financial External Payment Plans Dental Membership Plan Pay Online – Dr. Nikki Pay Online – Dr. Wes Blog Locations Independence, MO Blue Springs, MO Menu Preventative Dental Care Bad Breath Treatment Cold Sore Treatments Dental Checkups Emergency Dentistry Gum Disease Treatment Mouthguards & Night Guards Pediatric Dentistry Cavity Fillings and Dental Sealants Restorative Dentistry All-on-4 Dental Implants Dental Bone Grafting Dental Crowns and Bridges Dental Implants Dentures Full-Mouth Reconstruction Retainers Root Canal Treatment Sleep Apnea TMJ Disorder Treatment Tooth Extractions Wisdom Teeth Removal Cosmetic Dentistry Dental Bonding Dental Inlays & Onlays Dental Veneers Invisalign® Smile Makeover Teeth Whitening Specialty Services Invisalign® Dental Implants Full-Mouth Reconstruction Dental Checkups All Services Independence, MO 3820 South Whitney Ave Independence, MO 64055 View Location Blue Springs, MO 1400 South Outer Road Blue Springs, MO 64015 View Location Welcome to Your Family Dentist Kansas City Smiles and Co. Two Offices. One Vision. At Kansas City Smiles & Co., we pride ourselves on being your trusted family dentist, providing exceptional dental care in Independence and Blue Springs, MO, and the surrounding areas. Our dedicated team ensures that you and your family receive the best possible dental treatment in a warm and welcoming environment. Our founders, a dedicated husband-",REGIONAL,0.85,Verified,2026-09-29T19:27:15Z,"Website shows a real operating dental practice with two locations in Independence and Blue Springs, MO (Kansas City metro area). Offers cosmetic dentistry services including veneers, Invisalign, teeth whitening, smile makeovers. Public email drnikki@kansascitysmiles.com matches website domain. Regional scale (multi-location but local to KC metro)."
staff@dentaldesignskc.com,"Dental Designs, L.C.",http://dentaldesignskc.com/,Kansas City,MO,America/Chicago,Google Places Text Search -> public website,PASS,ChIJG9vtoTFYwIcROZBWt0fQfJ8,https://www.dentaldesignskc.com/,"PAGE https://www.dentaldesignskc.com/: Dental Designs KC - Dentist in Kansas City (816) 436-2242 Menu Home Staff Office Gladstone Family Dentist Kansas City Family Dentist Services Invisalign Treatment Teeth Cleaning Conscious Sedation Dentistry Conscious Sedation Dentist Serving Northland Ka... Cosmetic Dentistry Veneers Dental Implants Dental Crowns Root Canal Dental Bridges Dentures Oral Cancer Screening Wisdom Teeth Removal Dental Sealants TMJ Treatment Teeth Whitening Tooth Bonding Night Guards Tooth Extraction Preventive Dental Care Rights & Responsibilities Testimonials Smile Gallery Invisalign Patient Education Blog Contact Us or Make An Appointment Dental Designs, LC D. Grant Smith, DDS | Stephen K Russell, DDS | Larinda Hlavacek, DDS Discover your smile Healthy Mouth Happy Life Care for Your Smile and Let it Brighten Your Day! Ask About Invisalign! Changing Lives One Smile at a time Featured Services Click to find out more General Dentistry Dentistry encompasses array of services and procedures with a common goal: to help you to preserve your natural teeth, ensure your oral health, and keep you looking and feeling great. Learn More Teeth Whitening Whitening procedures have effectively restored the smile of people with stained, dull, or discolored teeth. Learn More Fillings Frequently asked questions: dental fillings Are dental amalgams safe? Is it possible to have an allergic reaction to amalgam? test Learn More Invisalign Achieve a straighter smile with Invisalign, the clear and comfortable alternative to traditional braces. Learn More About us At Dental Designs, we’re dedicated to providing gentle, personalized care that supports not just your smile, but your overall health and well-being. Our team takes a whole-body approach to dentistry, understanding how oral health connects to the rest of you",LOCAL,0.9,Verified,2026-09-29T19:27:45Z,"Website clearly represents a real operating dental practice (Dental Designs, L.C.) with named dentists, a Kansas City Northland address, and a services list that includes cosmetic dentistry (veneers, whitening, Invisalign). The public email staff@dentaldesignskc.com is on the website domain. The practice appears local/regional rather than a national enterprise."
info@leawoodcosmeticdentistry.com,Leawood Cosmetic & Family Dentistry,https://leawoodcosmeticdentistry.com/,Leawood,KS,America/Chicago,Google Places Text Search -> public website,PASS,ChIJ7RHO1wLCwIcR5qsJwDRskN0,https://www.leawoodcosmeticdentistry.com/,"PAGE https://www.leawoodcosmeticdentistry.com/: Leawood Cosmetic & Family Dentistry 0 Skip to Content Home Services Family Dentistry Cosmetic Dentistry Invisalign® Botox® & Fillers Smile Gallery Dental Implants Meet the Staff Blog Contact Contact Us Referring Doctors Open Menu Close Menu Home Services Family Dentistry Cosmetic Dentistry Invisalign® Botox® & Fillers Smile Gallery Dental Implants Meet the Staff Blog Contact Contact Us Referring Doctors Open Menu Close Menu Home Folder: Services Back Family Dentistry Cosmetic Dentistry Invisalign® Botox® & Fillers Smile Gallery Dental Implants Meet the Staff Blog Folder: Contact Back Contact Us Referring Doctors Welcome to Leawood Cosmetic & Family Dentistry Our team is excited to help you achieve the smile you were always meant to have. Our approach At Leawood Cosmetic & Family Dentistry, we are passionate about the art of dentistry. We are committed to providing you with outstanding care and to ensuring your safety during every visit with us. Our state-of-the-art facility proudly serves Leawood, Overland Park, and the surrounding area. We were named Best Cosmetic Dentist in Kansas City two years in a row by KC Magazine and Dr. Kelly Thomas was formerly named one of the Top 40 Dentists in the Nation under 40 by Incisal Edge and received the Top Dentist in KC award as well. Meet the Staff Family Dentistry Our services include general dentistry, cosmetic dentistry, in-office same-day crowns, pediatric care, KöR in-office teeth whitening, veneers, and much more. About Family Dentistry Cosmetic Dentistry Improve the appearance of your teeth with whitening, veneers, crowns, inlays, onlays, and more. About Cosmetic Dentistry Invisalign® Using SmartForce technology and SmartTrack material, Invisalign® provides a reliable avenue to pursue your dream smile. About Invisalign® De
PAGE https://www.leawoodcosmeticdentistry.com/contact: Contact — Leawood Cosmetic & Family Dentistry 0 Skip to Content Home Services Family Dentistry Cosmetic Dentistry Invisalign® Botox® & Fillers Smile Gallery Dental Implants Meet the Staff Blog Contact Contact Us Referring Doctors Open Menu Close Menu Home Services Family Dentistry Cosmetic Dentistry Invisalign® Botox® & Fillers Smile Gallery Dental Implants Meet the Staff Blog Contact Contact Us Referring Doctors Open Menu Close Menu Home Folder: Services Back Family Dentistry Cosmetic Dentistry Invisalign® Botox® & Fillers Smile Gallery Dental Implants Meet the Staff Blog Folder: Contact Back Contact Us Referring Doctors Contact us. Address: 4861 W 134th St Leawood, KS 66209 Phone 913-685-1900 Email info@leawoodcosmeticdentistry.com Clinic Hours Monday: 8AM - 5PM Tuesday: 8AM - 5PM Wednesday: 8AM - 5PM Thursday: 8AM - 5PM Friday: 8AM - 5PM Saturday: Closed Sunday: Closed Phone: 913.685.1900 Email: info@leawoodcosmeticdentistry.com Address: 4861 W 134th St, Leawood, KS 66209 Hours Monday: 8AM - 5PM Tuesday: 8AM - 5PM Wednesday: 8AM - 5PM Thursday: 8AM - 5PM Friday: 8AM - 5PM Saturday: Closed Sunday: Closed Questions? Contact us Patient Forms Reviews Copyright © 2026 Leawood Cosmetic & Family Dentistry",LOCAL,0.95,Verified,2026-09-29T19:27:57Z,"Website clearly represents a real operating cosmetic dentistry practice serving Leawood, Overland Park, and surrounding Kansas City metro area. Public email (info@leawoodcosmeticdentistry.com) matches the website domain. Single-location practice with local awards (KC Magazine Best Cosmetic Dentist) indicating local/regional scale rather than national enterprise."
info@smilecentric.com,"SmileCentric - General, Cosmetic & Implant Dentistry",http://smilecentric.com/,Carmel,IN,America/Indiana/Indianapolis,Google Places Text Search -> public website,PASS,ChIJvahbTmCxFIgR3DFF7CHyIUw,https://smilecentric.com/,"PAGE https://smilecentric.com/: SmileCentric Carmel – Top Dentist & Implant Center Skip to content (317) 764-2938 Book Now Location Specials × Meet Your Carmel Dental Team How Can We Help You? Family & Preventive Dentistry Emergency Dentistry – Pain Relief Cosmetic Dentistry Implant Dentistry Sedation Dentistry All Dental Services Patient Resources Your First Visit Insurance, Financing, & Payment Options Dental Technology & Amenities Patient Forms Dental Blog & FAQs Dental Blog Dental Video FAQs New Patient Specials! Reviews Pay Bill Online Appointments × Meet Your Carmel Dental Team How Can We Help You? Family & Preventive Dentistry Emergency Dentistry – Pain Relief Cosmetic Dentistry Implant Dentistry Sedation Dentistry All Dental Services Patient Resources Your First Visit Insurance, Financing, & Payment Options Dental Technology & Amenities Patient Forms Dental Blog & FAQs Dental Blog Dental Video FAQs New Patient Specials! Reviews Pay Bill Online Appointments Top Rated Carmel Dentist Gentle, Professional & Advanced Dental Care. Delivered with Exceptional Friendliness. Welcoming New Patients! (317) 764-2938 BOOK YOUR APPOINTMENT In-Network with PPO Insurances No insurance? $59 New Patient Special Emergency same day appointments Anxiety-Free dental services Top Rated Carmel Dentist Gentle, Professional & Advanced Dental Care. Delivered with Exceptional Friendliness. Welcoming New Patients! (317) 764-2938 BOOK YOUR APPOINTMENT In-Network with PPO Insurances No insurance? We have New Patient Specials Emergency same day appointments Anxiety-Free dental services General and Emergency Carmel Dentist Specializing in Implant & Cosmetic Dentistry Here at SmileCentric, we believe that every smile has a story . We see you as more than just a patient—you’re a valued member of our dental family. We understand 
PAGE https://smilecentric.com/contact-us/: Contact SmileCentric Carmel, IN – Book Appointment! Skip to content (317) 764-2938 Book Now Location Specials × Meet Your Carmel Dental Team How Can We Help You? Family & Preventive Dentistry Emergency Dentistry – Pain Relief Cosmetic Dentistry Implant Dentistry Sedation Dentistry All Dental Services Patient Resources Your First Visit Insurance, Financing, & Payment Options Dental Technology & Amenities Patient Forms Dental Blog & FAQs Dental Blog Dental Video FAQs New Patient Specials! Reviews Pay Bill Online Appointments × Meet Your Carmel Dental Team How Can We Help You? Family & Preventive Dentistry Emergency Dentistry – Pain Relief Cosmetic Dentistry Implant Dentistry Sedation Dentistry All Dental Services Patient Resources Your First Visit Insurance, Financing, & Payment Options Dental Technology & Amenities Patient Forms Dental Blog & FAQs Dental Blog Dental Video FAQs New Patient Specials! Reviews Pay Bill Online Appointments Home » Contact Us We are welcoming new patients! We have several different ways for you to schedule an appointment. Call (317) 764-2938 Recommended during business hours. Click here to call us now Got a question? Please email us using the form below "" * "" indicates required fields Name * Phone * Email * How can we help you today? * Checkup and Cleaning I am in pain Consultation for Cosmetic Dentistry or Dental Implants New Patients: How did you hear about us? * Google Search Other Internet Search Facebook Instagram Driving by Referred by a friend Referred by another doctor AI Search (ChatGPT, Gemini, etc.) Questions or Comments Please do not include personal health or medical information in this field. Our team will collect any necessary health details securely during your visit or by phone. Please prove that you are not a robot by solving 
PAGE http://smilecentric.com/contact-us/: Contact SmileCentric Carmel, IN – Book Appointment! Skip to content (317) 764-2938 Book Now Location Specials × Meet Your Carmel Dental Team How Can We Help You? Family & Preventive Dentistry Emergency Dentistry – Pain Relief Cosmetic Dentistry Implant Dentistry Sedation Dentistry All Dental Services Patient Resources Your First Visit Insurance, Financing, & Payment Options Dental Technology & Amenities Patient Forms Dental Blog & FAQs Dental Blog Dental Video FAQs New Patient Specials! Reviews Pay Bill Online Appointments × Meet Your Carmel Dental Team How Can We Help You? Family & Preventive Dentistry Emergency Dentistry – Pain Relief Cosmetic Dentistry Implant Dentistry Sedation Dentistry All Dental Services Patient Resources Your First Visit Insurance, Financing, & Payment Options Dental Technology & Amenities Patient Forms Dental Blog & FAQs Dental Blog Dental Video FAQs New Patient Specials! Reviews Pay Bill Online Appointments Home » Contact Us We are welcoming new patients! We have several different ways for you to schedule an appointment. Call (317) 764-2938 Recommended during business hours. Click here to call us now Got a question? Please email us using the form below "" * "" indicates required fields Name * Phone * Email * How can we help you today? * Checkup and Cleaning I am in pain Consultation for Cosmetic Dentistry or Dental Implants New Patients: How did you hear about us? * Google Search Other Internet Search Facebook Instagram Driving by Referred by a friend Referred by another doctor AI Search (ChatGPT, Gemini, etc.) Questions or Comments Please do not include personal health or medical information in this field. Our team will collect any necessary health details securely during your visit or by phone. Please prove that you are not a robot by solving ",LOCAL,0.95,Verified,2026-09-29T19:28:32Z,"Website clearly represents a real operating dental practice in Carmel, IN (Indianapolis metro area) offering smile enhancement services including cosmetic dentistry and implants. Single location with local phone number (317 area code). Public email info@smilecentric.com matches website domain. No evidence of national/enterprise scale."
info@smilecentriceast.com,SmileCentric East Indianapolis Dentistry,https://smilecentriceast.com/,Indianapolis,IN,America/Indiana/Indianapolis,Google Places Text Search -> public website,PASS,ChIJJ9lVqQBPa4gRc9StoQSc-Mw,https://smilecentriceast.com/,"PAGE https://smilecentriceast.com/: SmileCentric East – 5-Star Dentist Indianapolis, IN! Skip to content (317) 747-3170 Schedule Specials Location × Meet Your Indianapolis Dental Team How Can We Help You? Family & Preventive Dentistry Emergency Dentistry – Pain Relief Cosmetic Dentistry Implant Dentistry Sedation Dentistry All Dental Services Patient Resources Your First Visit Insurance, Financing, & Payment Options Dental Technology & Amenities Patient Forms Dental Blog & FAQs Dental Blog Dental Video FAQs New Patient Specials! Reviews Our Location Appointments × Meet Your Indianapolis Dental Team How Can We Help You? Family & Preventive Dentistry Emergency Dentistry – Pain Relief Cosmetic Dentistry Implant Dentistry Sedation Dentistry All Dental Services Patient Resources Your First Visit Insurance, Financing, & Payment Options Dental Technology & Amenities Patient Forms Dental Blog & FAQs Dental Blog Dental Video FAQs New Patient Specials! Reviews Our Location Appointments Top Rated Indianapolis Dentist Gentle, Professional & Advanced Dental Care. Delivered with Exceptional Friendliness. Welcoming New Patients! (317) 747-3170 BOOK YOUR APPOINTMENT In-Network with PPO Insurances No insurance? We have New Patient Specials Emergency same day appointments Anxiety-Free dental services Top Rated Indianapolis Dentist Gentle, Professional & Advanced Dental Care. Delivered with Exceptional Friendliness. Welcoming New Patients! (317) 747-3170 BOOK YOUR APPOINTMENT In-Network with PPO Insurances No insurance? We have New Patient Specials Emergency same day appointments Anxiety-Free dental services Family, Emergency, Implant, and Cosmetic Indianapolis Dentist Here at SmileCentric East, we believe that every smile has a story . We see you as more than just a patient—you’re a valued member of our dental family. We u
PAGE https://smilecentriceast.com/contact-us/: Contact SmileCentric East – Indianapolis, IN – Book Now Skip to content (317) 747-3170 Schedule Specials Location × Meet Your Indianapolis Dental Team How Can We Help You? Family & Preventive Dentistry Emergency Dentistry – Pain Relief Cosmetic Dentistry Implant Dentistry Sedation Dentistry All Dental Services Patient Resources Your First Visit Insurance, Financing, & Payment Options Dental Technology & Amenities Patient Forms Dental Blog & FAQs Dental Blog Dental Video FAQs New Patient Specials! Reviews Our Location Appointments × Meet Your Indianapolis Dental Team How Can We Help You? Family & Preventive Dentistry Emergency Dentistry – Pain Relief Cosmetic Dentistry Implant Dentistry Sedation Dentistry All Dental Services Patient Resources Your First Visit Insurance, Financing, & Payment Options Dental Technology & Amenities Patient Forms Dental Blog & FAQs Dental Blog Dental Video FAQs New Patient Specials! Reviews Our Location Appointments Home » Contact Us We are welcoming new patients! We have several different ways for you to schedule an appointment. Call (317) 747-3170 Recommended during business hours. Click here to call us now Got a question? Please email us using the form below "" * "" indicates required fields Name * Phone * Email * How can we help you today? * Checkup and Cleaning I am in pain Consultation for Cosmetic Dentistry or Dental Implants New Patients: How did you hear about us? * Google Search Other Internet Search Facebook Instagram Driving by Referred by a friend Referred by another doctor AI Search (ChatGPT, Gemini, etc.) Questions or Comments Please do not include personal health or medical information in this field. Our team will collect any necessary health details securely during your visit or by phone. Please prove that you are not a robot b
PAGE https://smilecentriceast.com/contact-us/: Contact SmileCentric East – Indianapolis, IN – Book Now Skip to content (317) 747-3170 Schedule Specials Location × Meet Your Indianapolis Dental Team How Can We Help You? Family & Preventive Dentistry Emergency Dentistry – Pain Relief Cosmetic Dentistry Implant Dentistry Sedation Dentistry All Dental Services Patient Resources Your First Visit Insurance, Financing, & Payment Options Dental Technology & Amenities Patient Forms Dental Blog & FAQs Dental Blog Dental Video FAQs New Patient Specials! Reviews Our Location Appointments × Meet Your Indianapolis Dental Team How Can We Help You? Family & Preventive Dentistry Emergency Dentistry – Pain Relief Cosmetic Dentistry Implant Dentistry Sedation Dentistry All Dental Services Patient Resources Your First Visit Insurance, Financing, & Payment Options Dental Technology & Amenities Patient Forms Dental Blog & FAQs Dental Blog Dental Video FAQs New Patient Specials! Reviews Our Location Appointments Home » Contact Us We are welcoming new patients! We have several different ways for you to schedule an appointment. Call (317) 747-3170 Recommended during business hours. Click here to call us now Got a question? Please email us using the form below "" * "" indicates required fields Name * Phone * Email * How can we help you today? * Checkup and Cleaning I am in pain Consultation for Cosmetic Dentistry or Dental Implants New Patients: How did you hear about us? * Google Search Other Internet Search Facebook Instagram Driving by Referred by a friend Referred by another doctor AI Search (ChatGPT, Gemini, etc.) Questions or Comments Please do not include personal health or medical information in this field. Our team will collect any necessary health details securely during your visit or by phone. Please prove that you are not a robot b",LOCAL,0.95,Verified,2026-09-29T19:28:51Z,"Website clearly represents a real operating dental practice in Indianapolis offering smile enhancement services (cosmetic dentistry, implants). Single location at 115 N Shortridge Rd Ste 200. Public email info@smilecentriceast.com matches website domain. No evidence of national/enterprise scale."
carmel@gormanbunch.com,Gorman & Bunch Orthodontics,https://gormanbunch.com/,Indianapolis,IN,America/Indiana/Indianapolis,Google Places Text Search -> public website,PASS,ChIJ2Zv-cl5ca4gRnFVbzw4a9G0,https://gormanbunch.com/contact/,"PAGE https://gormanbunch.com/: Braces & Invisalign in Central Indiana | Gorman & Bunch About Our Doctors Be The Change Blog Careers Treatments Invisalign Braces Children FAQs Retainer Guarantee Pay Online Indianapolis Orthodontists Noblesville Orthodontists Fishers Orthodontists Kokomo Orthodontists Marion Orthodontists Wabash Orthodontists Carmel Orthodontists Westfield Orthodontists Contact Indianapolis Orthodontists Noblesville Orthodontists Fishers Orthodontists Kokomo Orthodontists Marion Orthodontists Wabash Orthodontists Carmel Orthodontists Westfield Orthodontists CALL OR TEXT OUR OFFICES SCHEDULE A NEW PATIENT CONSULTATION Call or Text Schedule A New Patient Consultation Your journey starts today. Bring out your inner confidence with a healthy, beautiful smile. Our team of doctors has a solution for everyone! Free Consultation Transforming lives with healthy and beautiful smiles. We’re the #1 Invisalign and Invisalign Teen providers in Indiana with the experience you need for the smile you deserve. Find Out More OUR STORY What sets us apart? Improving your quality of life is our goal at Gorman & Bunch Orthodontics. We strive to make each patient feel welcome, informed, and supported through their orthodontic journey. By pairing our state-of-the-art technology with our exceptional services, we provide the most advanced options to straighten your teeth into the most aesthetic and functional smile for life. Meet Our Doctors OUR TREATMENTS Options that fit your lifestyle. At Gorman & Bunch Orthodontics, we use cutting-edge treatment options to create the beautiful smile you deserve. Not sure which treatment is right for you? Our team of orthodontists will work with you to find the best treatment that fits your budget and lifestyle. More about our treatments INVISALIGN We’re Number One As Indiana
PAGE https://gormanbunch.com/contact/: Contact Our Central Indiana Offices | Gorman & Bunch About Our Doctors Be The Change Blog Careers Treatments Invisalign Braces Children FAQs Retainer Guarantee Pay Online Indianapolis Orthodontists Noblesville Orthodontists Fishers Orthodontists Kokomo Orthodontists Marion Orthodontists Wabash Orthodontists Carmel Orthodontists Westfield Orthodontists Contact Indianapolis Orthodontists Noblesville Orthodontists Fishers Orthodontists Kokomo Orthodontists Marion Orthodontists Wabash Orthodontists Carmel Orthodontists Westfield Orthodontists CALL OR TEXT OUR OFFICES SCHEDULE A NEW PATIENT CONSULTATION Call or Text Schedule A New Patient Consultation Your journey starts today. Bring out your inner confidence with a healthy, beautiful smile. Our team of doctors has a solution for everyone! Free Consultation Transforming lives with healthy and beautiful smiles. We’re the #1 Invisalign and Invisalign Teen providers in Indiana with the experience you need for the smile you deserve. Find Out More Call Gorman & Bunch Today! Or feel free to send us a message. We’re happy to answer any questions you may have. Instagram This field is for validation purposes and should be left unchanged. Location * Your preferred location? Carmel (146th & Hazel Dell) Fishers (116th & Olio) Indianapolis/Greenwood (8001 Shelby St) Kokomo (1499 South Dixon Road) Marion (617 North River Dr) Wabash (946 Manchester Ave) West Carmel (106th & Michigan) Westfield (Southpark Dr & Oak Ridge Rd) First Name * Last Name * Email * Phone * Message * CAPTCHA Our Locations Are you looking for an orthodontist in Indianapolis? Gorman & Bunch Orthodontics is located just north of Marion County — in the following cities of Hamilton County, Boone County, Grant County, Wabash County, and Howard County. And scroll all the wa
PAGE https://gormanbunch.com/about-our-orthodontic-services/: About Our Indiana Orthodontics Practice | Gorman & Bunch About Our Doctors Be The Change Blog Careers Treatments Invisalign Braces Children FAQs Retainer Guarantee Pay Online Indianapolis Orthodontists Noblesville Orthodontists Fishers Orthodontists Kokomo Orthodontists Marion Orthodontists Wabash Orthodontists Carmel Orthodontists Westfield Orthodontists Contact Indianapolis Orthodontists Noblesville Orthodontists Fishers Orthodontists Kokomo Orthodontists Marion Orthodontists Wabash Orthodontists Carmel Orthodontists Westfield Orthodontists CALL OR TEXT OUR OFFICES SCHEDULE A NEW PATIENT CONSULTATION Call or Text Schedule A New Patient Consultation Your journey starts today. Bring out your inner confidence with a healthy, beautiful smile. Our team of doctors has a solution for everyone! Free Consultation Transforming lives with healthy and beautiful smiles. We’re the #1 Invisalign and Invisalign Teen providers in Indiana with the experience you need for the smile you deserve. Find Out More The Passion Behind our Orthodontic Services At Gorman & Bunch Orthodontics, we are fueled by our commitment to treat our patients like family and provide exceptional orthodontic services. From your very first visit to your final retainer check, we strive to transform lives with healthy and beautiful smiles. We exist to provide you with the highest level of patient care and the widest variety of options available in orthodontics. We do this by integrating the latest technology and treatment techniques into our practice and by getting to know our patients on a personal level. This approach allows us to create customized treatment plans that give each patient a beautiful smile and newfound confidence in life. Your smile transformation is a journey, and we can’t wait to share it with yo",REGIONAL,0.95,Verified,2026-09-29T19:36:03Z,"Website clearly represents a real operating orthodontic practice with multiple locations across Central Indiana (Indianapolis, Carmel, Fishers, Kokomo, Marion, Wabash, Westfield). The business email domain matches the website domain (carmel@gormanbunch.com). The practice is regional in scale with 8 locations across multiple Indiana counties, not a national enterprise. Services include Invisalign, braces, and orthodontic treatments relevant to smile enhancement."
info@meridiandentistry.com,Meridian Dental Center,http://meridiandentistry.com/,Indianapolis,IN,America/Indiana/Indianapolis,Google Places Text Search -> public website,PASS,ChIJlyi9hCFRa4gR2E5VdipVFkY,https://www.meridiandentistry.com:443/,"PAGE https://www.meridiandentistry.com:443/: Welcome | Cosmetic Dentist Indianapolis IN | Veneers Indianapolis call us appointment map Keeping Indy Smiling Since 1966 2291 North Meridian St. Indianapolis, IN 46208 Call: (317) 926-5467 Welcome Appointment Request Meet the Doctors Our Practice Meet the Staff Procedures Testimonials Smile Gallery ▼ OTHER PROCEDURES DENTAL BRIDGES DENTAL VENEERS PORCELAIN CROWNS TEETH WHITENING Faqs Links Forms Contact Us Meridian Dental Blog Make an appointment Our Services Oral Surgery Wisdom Tooth Removal / Sedation Implantology Cone Beam Technology Cosmetic Dentistry Invisalign Premier Provider Our Team Meet our staff at Meridian Dentistry, where you can get to know the caring, dedicated team behind your smile. Our staff members are more than dental professionals; they are friendly guides and supporters committed to making every visit as comfortable and positive as possible. Each member plays a very important role in creating a warm, inviting atmosphere where patients feel at ease. At Meridian Dentistry, we provide comprehensive family and general dentistry in Indianapolis for patients of all ages. Our staff works very closely with our dentists to ensure that every appointment is personalized to your unique needs. We take the time to explain procedures, answer questions, and make sure you feel confident in your dental care. Beyond their expertise, our team’s genuine care and passion for helping patients shine through every interaction. They celebrate your successes, support your goals, and make sure you leave the office smiling. Our staff is committed to delivering high-quality, compassionate care and making your experience with family and general dentistry in Indianapolis comfortable, enjoyable, and rewarding and we look forward to helping you and your family maintain healthy, be
PAGE https://www.meridiandentistry.com:443/contact: call us appointment map Keeping Indy Smiling Since 1966 2291 North Meridian St. Indianapolis, IN 46208 Call: (317) 926-5467 Welcome Appointment Request Meet the Doctors Our Practice Meet the Staff Procedures Testimonials Smile Gallery ▼ OTHER PROCEDURES DENTAL BRIDGES DENTAL VENEERS PORCELAIN CROWNS TEETH WHITENING Faqs Links Forms Contact Us Meridian Dental Blog The page you were looking for has moved, but we're sure you'll find the information you need below. Welcome Appointment Request Meet the Doctors Our Practice Meet the Staff Procedures Testimonials Smile Gallery Office News Faqs Links Forms Meridian Vision Center Contact Us Meridian Dental Blog Signs of Healthy Teeth Tips to Strengthen Tooth Enamel How to know you need a dental filling? The Different Types of Tooth Wear Dental Implant: What are the prostheses options? Top 5 Signs You May Need Dental Implants Choosing the Right Dental Bridge for You What Are Cavities? Your Teeth & Your Workout Tips for Keeping Teeth White Brushing & Flossing Tips & Tricks Dental Development Ages 0-6 Sinus Gum Pain Dental Implant FAQs Common Colds and Dental Health Medical Issues Your Dentist Might Diagnose Achieve a Comfortable Dental Experience What is Malocclusion? 3 Common Cavities & How to Prevent Them How to Choose the Best Mouthwash Protecting Your Toothbrush 5 Common Myths about Root Canals How to Find the Right Family Dentist Minor Tooth Decay Treated With a Dental Filling Dental Implants: What To Expect Find an Emergency Dentist in Indianapolis, IN 3 Easy Ways to Handle Dental Anxiety from Your Ind Why Do You Need to Visit Your Dentist in Indianapo The Shining Smile: Are Veneers Right For You? Gearing Up for Dental Implants: A Patient's Guide Smile Bright: Beat Gum Disease Dental Cleanings Dental Exams And X-Rays Composi
PAGE https://www.meridiandentistry.com:443/contact-us: call us appointment map Keeping Indy Smiling Since 1966 2291 North Meridian St. Indianapolis, IN 46208 Call: (317) 926-5467 Welcome Appointment Request Meet the Doctors Our Practice Meet the Staff Procedures Testimonials Smile Gallery ▼ OTHER PROCEDURES DENTAL BRIDGES DENTAL VENEERS PORCELAIN CROWNS TEETH WHITENING Faqs Links Forms Contact Us Meridian Dental Blog The page you were looking for has moved, but we're sure you'll find the information you need below. Welcome Appointment Request Meet the Doctors Our Practice Meet the Staff Procedures Testimonials Smile Gallery Office News Faqs Links Forms Meridian Vision Center Contact Us Meridian Dental Blog Signs of Healthy Teeth Tips to Strengthen Tooth Enamel How to know you need a dental filling? The Different Types of Tooth Wear Dental Implant: What are the prostheses options? Top 5 Signs You May Need Dental Implants Choosing the Right Dental Bridge for You What Are Cavities? Your Teeth & Your Workout Tips for Keeping Teeth White Brushing & Flossing Tips & Tricks Dental Development Ages 0-6 Sinus Gum Pain Dental Implant FAQs Common Colds and Dental Health Medical Issues Your Dentist Might Diagnose Achieve a Comfortable Dental Experience What is Malocclusion? 3 Common Cavities & How to Prevent Them How to Choose the Best Mouthwash Protecting Your Toothbrush 5 Common Myths about Root Canals How to Find the Right Family Dentist Minor Tooth Decay Treated With a Dental Filling Dental Implants: What To Expect Find an Emergency Dentist in Indianapolis, IN 3 Easy Ways to Handle Dental Anxiety from Your Ind Why Do You Need to Visit Your Dentist in Indianapo The Shining Smile: Are Veneers Right For You? Gearing Up for Dental Implants: A Patient's Guide Smile Bright: Beat Gum Disease Dental Cleanings Dental Exams And X-Rays Composi
PAGE https://www.meridiandentistry.com:443/contactus: call us appointment map Keeping Indy Smiling Since 1966 2291 North Meridian St. Indianapolis, IN 46208 Call: (317) 926-5467 Welcome Appointment Request Meet the Doctors Our Practice Meet the Staff Procedures Testimonials Smile Gallery ▼ OTHER PROCEDURES DENTAL BRIDGES DENTAL VENEERS PORCELAIN CROWNS TEETH WHITENING Faqs Links Forms Contact Us Meridian Dental Blog The page you were looking",LOCAL,0.95,Verified,2026-09-29T19:36:24Z,"Website clearly represents a real operating dental practice in Indianapolis since 1966, offering cosmetic dentistry services including veneers, teeth whitening, and Invisalign relevant to smile enhancement. Single location at 2291 N Meridian St indicates local scale. Public email info@meridiandentistry.com matches website domain."
form@seattledentistry.com,Seattle Specialty Dentistry,https://seattledentistry.com/,Seattle,WA,America/Los_Angeles,Google Places Text Search -> public website,PASS,ChIJrdhDMksVkFQRDJDErSQzsRY,https://seattledentistry.com/,"PAGE https://seattledentistry.com/: Seattle Specialty Dentistry | Prosthodontist in Seattle | Prosthodontist Alaska | Full-Mouth Rehabilitation Seattle | Prosthodontist Bellevue | Best Dentist Seattle | Dental Implants Seattle | Seattle Ectodermal Dysplasia Dental Treatment Pay My Bill CALL US: (206) 682-3383 Toggle navigation General Dentistry Cosmetic Dentistry Restorative Dentistry Implant Dentistry Our Practice Dr. Pavinee Dr. Pelli Blog Patient Resources New Patients Out-of-State Patients Get In Touch Request An Appointment Pay My Bill We are open and excited to welcome you back! For the safety of you and our staff, please visit our COVID-19 page to review the differences you will notice at your next dental visit. The Leading Cosmetic and Implant Dentist in Seattle Enhance the appearance of your smile with Dr. Pavinee, a world-class, board certified prosthodontist in Seattle, WA. Contact us today to schedule your first appointment. Call Now The Leading Cosmetic and Implant Dentist in Seattle Enhance the appearance of your smile with Dr. Pavinee, a world-class prosthodontist in Seattle, WA. Contact us today to schedule your first appointment. Achieve Aesthetic Excellence with Seattle Specialty Dentistry From complex restorations to subtle rejuvenations, Seattle Specialty Dentistry is uniquely qualified to provide you with results that are truly extraordinary. Dr. Pavinee is a highly-regarded prosthodontist with decades of training and experience creating healthy, nearly flawless smiles. In addition to our specialty dental services, we also offer general preventative care and maintenance so you have all the services you need to enjoy quality oral care and live a healthier life Implant Dental Services Missing teeth no longer has to mean that you’re missing out on function, comfort, and freedom. Modern i
PAGE https://seattledentistry.com/contact-us/: Contact Us - Seattle Specialty Dentistry Pay My Bill CALL US: (206) 682-3383 Toggle navigation General Dentistry Cosmetic Dentistry Restorative Dentistry Implant Dentistry Our Practice Dr. Pavinee Dr. Pelli Blog Patient Resources New Patients Out-of-State Patients Get In Touch Request An Appointment Pay My Bill We are open and excited to welcome you back! For the safety of you and our staff, please visit our COVID-19 page to review the differences you will notice at your next dental visit. Home > Contact Us Contact Us Seattle's best cosmetic dentists are also among Seattle's best prosthodontists. Feel free to give us a call , or text us at 206.682.3383 . We’ll respond by the next business day. Seattle Specialty Dentistry Medical Dental Building 509 Olive Way, STE 1438 Seattle, WA 98101 206.682.3383 206.467.8160 Monday: 7AM - 4PM Tuesday: 7AM - 5PM Wednesday: 8AM - 5PM Thursday: 7AM - 4PM Friday: Closed Saturday & Sunday: Closed Send Us A Message First Name (Required) Last Name (Required) Email (Required) Phone How can we help you? (Required) Consent (Required) I consent to receive SMS text messages from Seattle Specialty Dentistry By providing my phone number, I consent to receive SMS text messages from Seattle Specialty Dentistry for appointment reminders, marketing messages, and general two-way communication. Message frequency varies. Message & data rates may apply. Reply HELP for support. Reply STOP to opt out. For more information, please review our Privacy Policy and Terms & Conditions pages. Δ LOCATION, DIRECTIONS AND PARKING Seattle Specialty Dentistry is located in downtown Seattle on the 14th floor of the Medical Dental Building, near Nordstrom, Westlake Center and Pacific Place. The main entrance is on Olive Way between 5th Avenue and 6th Avenue. Google maps d
PAGE https://seattledentistry.com/contact-us/: Contact Us - Seattle Specialty Dentistry Pay My Bill CALL US: (206) 682-3383 Toggle navigation General Dentistry Cosmetic Dentistry Restorative Dentistry Implant Dentistry Our Practice Dr. Pavinee Dr. Pelli Blog Patient Resources New Patients Out-of-State Patients Get In Touch Request An Appointment Pay My Bill We are open and excited to welcome you back! For the safety of you and our staff, please visit our COVID-19 page to review the differences you will notice at your next dental visit. Home > Contact Us Contact Us Seattle's best cosmetic dentists are also among Seattle's best prosthodontists. Feel free to give us a call , or text us at 206.682.3383 . We’ll respond by the next business day. Seattle Specialty Dentistry Medical Dental Building 509 Olive Way, STE 1438 Seattle, WA 98101 206.682.3383 206.467.8160 Monday: 7AM - 4PM Tuesday: 7AM - 5PM Wednesday: 8AM - 5PM Thursday: 7AM - 4PM Friday: Closed Saturday & Sunday: Closed Send Us A Message First Name (Required) Last Name (Required) Email (Required) Phone How can we help you? (Required) Consent (Required) I consent to receive SMS text messages from Seattle Specialty Dentistry By providing my phone number, I consent to receive SMS text messages from Seattle Specialty Dentistry for appointment reminders, marketing messages, and general two-way communication. Message frequency varies. Message & data rates may apply. Reply HELP for support. Reply STOP to opt out. For more information, please review our Privacy Policy and Terms & Conditions pages. Δ LOCATION, DIRECTIONS AND PARKING Seattle Specialty Dentistry is located in downtown Seattle on the 14th floor of the Medical Dental Building, near Nordstrom, Westlake Center and Pacific Place. The main entrance is on Olive Way between 5th Avenue and 6th Avenue. Google maps d",LOCAL,0.95,Verified,2026-09-29T19:37:29Z,"Website clearly represents a real operating implant dentistry practice in Seattle, WA. The site shows a single location at 509 Olive Way, STE 1438, Seattle, WA 98101 with specific hours and contact details. Services include Implant Dentistry, Prosthodontics, and Full-Mouth Rehabilitation. The public email form@seattledentistry.com uses the website domain. The practice appears to be a local/regional specialty dental clinic led by board-certified prosthodontists Dr. Pavinee and Dr. Pelli, not a na"
info@seattleperio.com,Advanced Perio,http://seattleperio.com/,Seattle,WA,America/Los_Angeles,Google Places Text Search -> public website,PASS,ChIJrdhDMksVkFQR4c2MuOCJN6M,https://www.seattleperio.com/,"PAGE https://www.seattleperio.com/: Periodontist in Seattle & Bellevue, WA | Advanced Periodontics Skip to main content Hit enter to search or ESC to close Close Search Menu About Us Patient Info Patient Registration Surgical Instructions Services Periodontal Dental Implants Referral Form Contact Us Book Now facebook youtube instagram yelp Unmatched Precision, Unrivaled Compassion Book Now Experience World-Class Dental Care Like Never Before At Advanced Perio, we take pride in being a leader among specialty dental practices nationwide. Our commitment goes beyond delivering clinical excellence; we are dedicated to ensuring that every patient receives personalized VIP care tailored to their unique needs. At the heart of our practice is the belief that a beautiful, healthy smile is just the beginning. We understand that true satisfaction goes hand in hand with a patient’s overall experience. That’s why, from the moment you step through our doors, you become our priority. Our team of skilled professionals is not only focused on providing top-tier clinical results but also on creating a warm and welcoming environment where you feel valued and cared for. Book Now Meet Our Periodontal & Dental Implant Specialists Professional Excellence with a Personal Touch What sets us apart from other periodontal practices is our exceptional team of specialists. Our doctors are all board-certified specialists in Periodontics and Dental Implants and are trusted to teach residents and other dentists their expert techniques nationwide. Not only that, they are warm and caring individuals who put your health and well-being first. You won’t find another team in Seattle like it. About Us Why Choose Advanced Periodontics? Where Compassionate Care and Top-Quality Expertise Meet 5-Star Customer Service At Advanced Periodontics, we thin
PAGE https://www.seattleperio.com/contact/: Contact Us | Periodontist in Seattle & Bellevue, WA Skip to main content Hit enter to search or ESC to close Close Search Menu About Us Patient Info Patient Registration Surgical Instructions Services Periodontal Dental Implants Referral Form Contact Us Book Now facebook youtube instagram yelp Contact Us Today Ready to Invest in Your Oral Health? Ready to receive the high-quality periodontal care you deserve? Schedule an appointment at ​​Advanced Periodontics, Microsurgery, and Implantology of Seattle to experience unmatched expertise and exceptional patient care, all in a comfortable environment. Call our office at 206-223-1501 or fill out the contact form below – We can’t wait to meet you! Seattle Office 206-223-1501 info@seattleperio.com 509 Olive Way, Suite 1524 Seattle, WA 98101 Bellevue Office 425-365-0777 info@seattleperio.com 14655 NE Bel-Red Road, Building F, Suite 202 Bellevue, WA 98007 First Name * Last Name Email Address * Phone Number * Preferred Day of Week MON TUE WED THU FRI Best Time for Appointment Morning Afternoon Select Choose your Location Seattle Bellevue Message * 0 / 180 By completing this form, you consent to receive text messages from Advanced Perio to assist with scheduling your exam. Message and data rates may apply. You can reply STOP at any time to opt out. Send Message © 2026 All Rights Reserved. Advanced Periodontics. Our Locations Seattle Bellevue Quick Links Patient Registration Surgical Instructions Periodontal Treatment Dental Implants Privacy Policy Terms & Conditions Financial Policy Contact Us Seattle 206-223-1501 Bellevue 425-365-0777 info@seattleperio.com Our Seattle Address Our Bellevue Address Close Menu About Us Patient Info Patient Registration Surgical Instructions Services Periodontal Dental Implants Referral Form Contact 
PAGE https://www.seattleperio.com/about/: About Our Seattle & Bellevue Periodontists | Advanced Periodontics Skip to main content Hit enter to search or ESC to close Close Search Menu About Us Patient Info Patient Registration Surgical Instructions Services Periodontal Dental Implants Referral Form Contact Us Book Now facebook youtube instagram yelp About Advanced Periodontics See Why We are a Leader Among Specialty Dental Practices Nationwide Book Now Meet Our Providers Compassion, professionalism, and a commitment to excellence. Bradley Weinstein DMD, MSD Dr. Weinstein is an exceptionally accomplished periodontist specializing in Periodontology and Dental Implant Surgery. His educational achievements include a Bachelor's degree in Economics from Columbia University, magna cum laude, and a Doctorate of Dental Medicine from the Harvard School of Dental Medicine. Dr. Weinstein also completed two years of General Practice Residency at the Manhattan and Bronx Veterans Affairs hospitals, where he served as the chief resident and completed his periodontal residency at the University of Washington (go Huskies!). His passion for knowledge and contribution to the field of Periodontology is evident in his research work, for which he has received several accolades, including the prestigious Balint Orban Memorial Award and the Volpe Prize. His research has been presented at the American Academy of Periodontology, and his surgical expertise has been featured in the textbook, ""Soft Tissue Management: The Restorative Perspective."" Dr. Weinstein is an affiliate faculty member at the University of Washington, where he teaches Periodontics and has published several articles in peer-reviewed journals, including the Journal of Periodontology, the Journal of Clinical Periodontology, the Journal of Prosthetic Dentistry, Clinical Ad",REGIONAL,0.9,Verified,2026-09-29T19:37:43Z,"Website clearly represents a real operating periodontal and dental implant specialty practice with two locations (Seattle and Bellevue) in the Seattle metro area. The practice is led by board-certified periodontists, offers implant dentistry services, and uses a public business email (info@seattleperio.com) on the website domain. The multi-location regional presence and 'nationwide leader' language suggest REGIONAL scale rather than LOCAL."
info@firsthilldentalcenter.com,First Hill Dental Center - Dr. Singh DMD,https://firsthilldentalcenter.com/,Seattle,WA,America/Los_Angeles,Google Places Text Search -> public website,PASS,ChIJL5EXZ8lqkFQR34RKIs6QoZk,https://www.firsthilldentalcenter.com/new-patients/,"PAGE https://www.firsthilldentalcenter.com/: Dentist Seattle, WA | First Hill Dental Center Skip to main content Skip to content 901 Boren Ave Ste 1500, Seattle, WA 98104 Book Now 206-323-3830 Text Us Make A Payment Visit Our Office Text 425-528-8162 Services Cleanings Preventative Fillings Implants Crowns/Onlays/Veneers Oral Surgery Emergency Orthodontic Treatment Invisalign Endodontics Dentures Periodontics Tissue Grafts Bioclear Veneers iTero Scanner Technology Sedation Dentistry Night Guards Invisalign About us Our Office Location Our Dentists Our Team About Us Testimonials Forms FAQ Financing Payment Blog 206-323-3830 Appointments We are also available for emergencies! You. Your Health. Your Confidence. Contact First Hill Dental Center Today Book An Appointment Now Your Ability To Make a Lasting First Impression Your beautiful, natural, perfect smile. Dependable We feel there is only one way to practice dentistry: with compassion, trust, and clinical excellence. Our d entist Seattle looks forward to knowing you as friends as well as patients and providing you with top-quality dental care that helps you maintain and recover the health of your teeth and mouth. Our Services Our dental office in Seattle goes the extra mile to ensure you are comfortable and relaxed during your appointment! We even offer stereo headphones to listen to music while enjoying a warm massage chair. Discover more about our dentistry services and see how we're making a visit to the Seattle dentist a better experience for our patients! Our Location We are conveniently located in Seattle, catering to Belltown, Downtown Seattle, Queen Anne, Ballard, Capitol Hill, and other neighbouring areas. We are located in the Cabrini Medical Tower, with convenient elevator access within the parking garage. Contact Us It is the goal of our dental care to
PAGE https://www.firsthilldentalcenter.com/new-patients/: New Patients | First Hill Dental Center - Dr. Singh DMD Skip to main content Skip to content 901 Boren Ave Ste 1500, Seattle, WA 98104 Book Now 206-323-3830 Text Us Make A Payment Visit Our Office Text 425-528-8162 Services Cleanings Preventative Fillings Implants Crowns/Onlays/Veneers Oral Surgery Emergency Orthodontic Treatment Invisalign Endodontics Dentures Periodontics Tissue Grafts Bioclear Veneers iTero Scanner Technology Sedation Dentistry Night Guards Invisalign About us Our Office Location Our Dentists Our Team About Us Testimonials Forms FAQ Financing Payment Blog 206-323-3830 Appointments We are also available for emergencies! New Patient Contact Us Request an Appointment Contact Our Dental Clinic in First Hill Today! If you are looking for an experienced and compassionate dentist, contact our First Hill Dental Center team! Our dental clinic is now accepting new patients looking for dental treatments that include preventative and long-term dental care. Contact our dental clinic today to make an appointment with a trusted local dentist! First Hill Dental Center 901 Boren Ave Suite 1500 Seattle, WA 98104 P: 206-323-3830 info@firsthilldentalcenter.com Get Directions Business Hours We are also available for emergencies Monday 7:00am – 4:00pm Tuesday 7:00am – 4:00pm Wednesday 7:00am – 4:00pm Thursday 7:00am – 4:00pm Get Directions Services Our Office Payment Privacy Policy Patient Privacy Contact © 2026 First Hill Dental Center - Dr. Singh DMD | All Rights Reserved | Accessibility | Privacy Policy | Sitemap X",LOCAL,0.95,Verified,2026-09-29T19:38:31Z,"Website clearly shows a single-location dental practice in Seattle's First Hill neighborhood offering implant dentistry among other services. The business email (info@firsthilldentalcenter.com) matches the website domain. Content emphasizes local service to specific Seattle neighborhoods (Belltown, Downtown, Queen Anne, Ballard, Capitol Hill) and operates from one address in Cabrini Medical Tower. No evidence of multiple locations or enterprise-scale operations."
info@pacificmoderndentistry.com,Pacific Modern Dentistry,https://pacificmoderndentistry.com/,Seattle,WA,America/Los_Angeles,Google Places Text Search -> public website,PASS,ChIJ6VP0kxkVkFQRuzUfpgJQ-Mk,https://pacificmoderndentistry.com/contact,"PAGE https://pacificmoderndentistry.com/: Pacific Modern Dentistry in Seattle, WA | Jae Seon Kim, DDS, MSD, FACP Menu Board Certified Prosthodontist Close Home Dr. Jae Seon Kim Dr. Seoyoun Hahn Services Smile Gallery Patient Reviews News Contact Patient Referral Form Payment Options Schedule Appt. Directions Call (206) 284-4505 Welcome to Pacific Modern Dentistry The Center for Esthetic and Implant Dentistry — providing world-class dental care. Dental Services Dr. Jae Seon Kim Dr. Seoyoun Hahn Smile Gallery Testimonials Doctor Referrals About Services Smile Gallery Testimonials Contact Us Pay Online Schedule Appt. (206) 284-4505 2046 Westlake Ave. N. Suite 204 Seattle, WA 98109-2700
PAGE https://pacificmoderndentistry.com/contact: Contact Us - Pacific Modern Dentistry in Seattle, WA | Jae Seon Kim, DDS, MSD, FACP Menu Close Home Dr. Jae Seon Kim Dr. Seoyoun Hahn Services Smile Gallery Patient Reviews News Contact Patient Referral Form Payment Options Schedule Appt. Directions Call (206) 284-4505 Contact Us Pacific Modern Dentistry 2046 Westlake Ave. N. Suite 204 Seattle, WA 98109-2700 Phone: (206) 284-4505 Email: info@pacificmoderndentistry.com Fax: (206) 284-4757 Office Hours Monday: 7:00 AM - 4:00 PM Tuesday: 7:00 AM - 4:00 PM Wednesday: 7:00 AM - 4:00 PM Thursday: 7:00 AM - 2:00 PM Friday: 7:00 AM - 4:00 PM Name: (required) Company: Phone Number: Email : (required) Comment: (required) Links will be considered spam. How did you hear about us? (check all that apply) Brochure Email Existing Patient Web Search Word of Mouth Other Specialized Prosthodontic Care ___ Request an Appointment ___ About Services Smile Gallery Testimonials Contact Us Pay Online Schedule Appt. Contact Us Location 2046 Westlake Ave. N. Suite 204 Seattle, WA 98109-2700 Contact (206) 284-4505 info@pacificmoderndentistry.com Get Directions Office Hours Monday: 7:00 AM - 4:00 PM Tuesday: 7:00 AM - 4:00 PM Wednesday: 7:00 AM - 4:00 PM Thursday: 7:00 AM - 2:00 PM Friday: 7:00 AM - 4:00 PM Copyright © 2026 Pacific Modern Dentistry. All Rights Reserved ® • Terms of Use • Privacy Policy • Site Credits - Skagga Inc.
PAGE https://pacificmoderndentistry.com/about/jae-seon-kim-dds-msd-facp: Jae Seon Kim, DDS, MSD, FACP - Pacific Modern Dentistry in Seattle, WA | Jae Seon Kim, DDS, MSD, FACP Menu Close Home Dr. Jae Seon Kim Dr. Seoyoun Hahn Services Smile Gallery Patient Reviews News Contact Patient Referral Form Payment Options Schedule Appt. Directions Call (206) 284-4505 A Board-Certified Prosthodontist, Providing World Class Dentistry Dr. Kim is a prosthodontist, a specialist that requires additional 3-4 years of advanced training after graduating from dental school. Dr. Kim received his prosthodontic training at the prestigious University of Washington, School of Dentistry. Being a prosthodontist makes Dr. Kim well-versed in performing the most complex oral rehabilitation cases, involving ceramic restorations and dental implants. Only 2% of dentists are prosthodontists, and among prosthodontists, less than half of them are board-certified. Dr. Kim is a Board-Certified Prosthodontist. Jae Seon Kim, DDS, MSD, FACP Dental Outreach A Passionate Educator & Learner Dr. Kim is an enthusiastic educator for other dentists, and students. He was an assistant professor at Augusta University, Dental College of Georgia, educating dental students, residents from numerous specialties, and other general dentists. Currently, Dr. Kim is an affiliate assistant professor at University of Washington, School of Dentistry. Dr. Kim is a well-respected speaker, and lectures nationally and internationally. Dr. Kim is a believer in lifelong learning. He spends hundreds of hours taking Continuing Education courses every year, participates in dental study clubs monthly, and reviews dental journals everyday. He believes that these efforts are essential in keeping up with the latest dental technology, and to innovate new techniques that can benefit patients. Dr. Kim also is a reviewe",LOCAL,0.95,Verified,2026-09-29T19:38:56Z,"Single-location implant dentistry practice in Seattle with board-certified prosthodontist, clear local address, domain email, and no evidence of multi-location or enterprise scale."
info@pristinedentalbellevue.com,Pristine Family & Implant Dentistry,http://pristinedentalbellevue.com/,Bellevue,WA,America/Los_Angeles,Google Places Text Search -> public website,PASS,ChIJkfG7orJtkFQRLZ6a6fTy-as,https://pristinedentalbellevue.com/,"PAGE https://pristinedentalbellevue.com/: Home - Pristine Dental Bellevue Home About Us Dr. Thomas Han NEW PATIENTS Office Visits Insurance & Financing Patient Forms Testimonial Services Cosmetic Dentistry Botox® Invisalign® Restorative Dentistry Preventive Care Implant Dentistry Blog Book An Appointment (425) 747-4630 14730 NE 8th St., Suite #105 Bellevue WA 98007 BUSINESS HOURS Pristine Dental Bellevue Home About Us Dr. Thomas Han NEW PATIENTS Office Visits Insurance & Financing Patient Forms Testimonial Services Cosmetic Dentistry Botox® Invisalign® Restorative Dentistry Preventive Care Implant Dentistry Blog Book An Appointment (425) 747-4630 Friendly Care, Beautiful Smiles! NOW ACCEPTING NEW PATIENTS! GET AN APPOINTMENT The Best In Modern Dentistry GET AN APPOINTMENT Your Best Dental Experience GET AN APPOINTMENT Close Enter your text here DENTAL EXPERTISE We provide patients with a variety of treatment options. Our doctors are experienced in several areas, including implants, endodontics, and orthodontics. ADVANCED TECHNOLOGY Our office is equipped with a Cone-Beam CT machine that can help plan dental procedures such as placement of dental implants or wisdom tooth extraction. PERSONALIZED CARE We understand that every patient has unique needs. Our staff will treat you as an individual and make every effort to meet and exceed your dental goals. Meet The Doctor P ristine Dentistry combines the science of dentistry with compassion for patients. We strive to build long-term relationships with our patients by focusing on professionalism and personalized care. Dr. Thomas Han and our warm, friendly staff are dedicated to providing you with exceptional service. We always place a high value on your personal needs and expectations. Dr. Thomas Han Dr. Thomas Han believes that every person deserves a healthy smile. H
PAGE https://pristinedentalbellevue.com/about-us/: About Us - Pristine Dental Bellevue Home About Us Dr. Thomas Han NEW PATIENTS Office Visits Insurance & Financing Patient Forms Testimonial Services Cosmetic Dentistry Botox® Invisalign® Restorative Dentistry Preventive Care Implant Dentistry Blog Book An Appointment (425) 747-4630 14730 NE 8th St., Suite #105 Bellevue WA 98007 BUSINESS HOURS Pristine Dental Bellevue Home About Us Dr. Thomas Han NEW PATIENTS Office Visits Insurance & Financing Patient Forms Testimonial Services Cosmetic Dentistry Botox® Invisalign® Restorative Dentistry Preventive Care Implant Dentistry Blog Book An Appointment (425) 747-4630 About Us Close Enter your text here Pristine Dental Is A Family - Oriented, Independent Dentist In Bellevue P ristine Dentistry combines the science of dentistry with compassion for patients. We strive to build long-term relationships with our patients by focusing on professionalism and personalized care. Dr. Thomas Han and our warm, friendly staff are dedicated to providing you with exceptional service. We always place a high value on your personal needs and expectations. Our convenient Bellevue, WA office provides all the services necessary to keep your smile in top condition, including general dentistry , cosmetic care , orthodontics and Invisalign® , All-on-4® implant dentures , oral surgery, prosthodontics , and endodontics. Schedule an appointment with our Bellevue dentist, Dr. Thomas Han, today! Dr. Thomas Han Meet Dr. Thomas Han I believe that every person deserves a healthy smile. It’s very rewarding to realize that, through dentistry, I can help my patients change their oral health and their lives in such positive ways. Having grown up in the Northwest, this area is near and dear to me. I have always wanted to give back to the community by providing denta
PAGE https://pristinedentalbellevue.com/about-us/: About Us - Pristine Dental Bellevue Home About Us Dr. Thomas Han NEW PATIENTS Office Visits Insurance & Financing Patient Forms Testimonial Services Cosmetic Dentistry Botox® Invisalign® Restorative Dentistry Preventive Care Implant Dentistry Blog Book An Appointment (425) 747-4630 14730 NE 8th St., Suite #105 Bellevue WA 98007 BUSINESS HOURS Pristine Dental Bellevue Home About Us Dr. Thomas Han NEW PATIENTS Office Visits Insurance & Financing Patient Forms Testimonial Services Cosmetic Dentistry Botox® Invisalign® Restorative Dentistry Preventive Care Implant Dentistry Blog Book An Appointment (425) 747-4630 About Us Close Enter your text here Pristine Dental Is A Family - Oriented, Independent Dentist In Bellevue P ristine Dentistry combines the science of dentistry with compassion for patients. We strive to build long-term relationships with our patients by focusing on professionalism and personalized care. Dr. Thomas Han and our warm, friendly staff are dedicated to providing you with exceptional service. We always place a high value on your personal needs and expectations. Our convenient Bellevue, WA office provides all the services necessary to keep your smile in top condition, including general dentistry , cosmetic care , orthodontics and Invisalign® , All-on-4® implant dentures , oral surgery, prosthodontics , and endodontics. Schedule an appointment with our Bellevue dentist, Dr. Thomas Han, today! Dr. Thomas Han Meet Dr. Thomas Han I believe that every person deserves a healthy smile. It’s very rewarding to realize that, through dentistry, I can help my patients change their oral health and their lives in such positive ways. Having grown up in the Northwest, this area is near and dear to me. I have always wanted to give back to the community by providing denta",LOCAL,0.9,Verified,2026-09-29T19:39:50Z,"Website clearly represents a real operating dental practice in Bellevue, WA (Seattle metro area) offering implant dentistry services. The practice is described as family-oriented and independent with a single location, indicating local scale. Public email info@pristinedentalbellevue.com matches the website domain."
info@seattledentalstudio.com,Seattle Dental Studio,http://seattledentalstudio.com/,Seattle,WA,America/Los_Angeles,Google Places Text Search -> public website,PASS,ChIJ66j7OLRqkFQRyamKSmYu5z8,https://seattledentalstudio.com/,"PAGE https://seattledentalstudio.com/: Seattle Family &amp; Cosmetic Dentist | Seattle Dentist | Seattle Dental Studio CALL (206) 539-1725 BOOK NOW Team DR. HASAN DBOUK, BDS, MSD Our Team New Patients First Visit Patient Forms Finances Preferred Provider FAQs Seattle Dental Studio Services Emergency Dentistry Dental Cleaning & Prevention Dental Check-Ups Fluoride Treatments Nightguards Oral Cancer Screenings Sports Mouthguards Cosmetic Dentistry Porcelain Crowns Porcelain Veneers Stained Teeth Treatment Chipped Or Broken Tooth Dental Inlays and Onlays Professional Teeth Whitening Smile Makeover Dental Implants All-on-XÂ® Full Mouth Dental Implants Immediate Dental Implant Dental Implant Restorations Full Arch Dental Implants Oral Surgery Tooth Extractions Bone Grafting Periodontal Crown Lengthening Gum Contouring Gum Disease Treatment Scaling and Root Planing Restorative Dentistry All White Fillings Full Mouth Reconstruction DENTAL CROWNS Dental Veneers Dentures Denture Alternatives Traumatic Dental Injury Treatment Dental Pain Consultation Dental Fillings Areas Belltown Cosmetic Dentistry Capitol Hill Cosmetic Dentistry Central District Cosmetic Dentistry Dental Implants First Hill Cosmetic Dentistry Technology Smile Gallery Reviews Contact Team DR. HASAN DBOUK, BDS, MSD Our Team New Patients First Visit Patient Forms Finances Preferred Provider FAQs Seattle Dental Studio Services Emergency Dentistry Dental Cleaning & Prevention Dental Check-Ups Fluoride Treatments Nightguards Oral Cancer Screenings Sports Mouthguards Cosmetic Dentistry Porcelain Crowns Porcelain Veneers Stained Teeth Treatment Chipped Or Broken Tooth Dental Inlays and Onlays Professional Teeth Whitening Smile Makeover Dental Implants All-on-XÂ® Full Mouth Dental Implants Immediate Dental Implant Dental Implant Restorations Full Arch Dental
PAGE https://seattledentalstudio.com/contact-us/: Contact Us â Seattle Dental Studio | Dr. Hasan Dbouk CALL (206) 539-1725 BOOK NOW Team DR. HASAN DBOUK, BDS, MSD Our Team New Patients First Visit Patient Forms Finances Preferred Provider FAQs Seattle Dental Studio Services Emergency Dentistry Dental Cleaning & Prevention Dental Check-Ups Fluoride Treatments Nightguards Oral Cancer Screenings Sports Mouthguards Cosmetic Dentistry Porcelain Crowns Porcelain Veneers Stained Teeth Treatment Chipped Or Broken Tooth Dental Inlays and Onlays Professional Teeth Whitening Smile Makeover Dental Implants All-on-XÂ® Full Mouth Dental Implants Immediate Dental Implant Dental Implant Restorations Full Arch Dental Implants Oral Surgery Tooth Extractions Bone Grafting Periodontal Crown Lengthening Gum Contouring Gum Disease Treatment Scaling and Root Planing Restorative Dentistry All White Fillings Full Mouth Reconstruction DENTAL CROWNS Dental Veneers Dentures Denture Alternatives Traumatic Dental Injury Treatment Dental Pain Consultation Dental Fillings Areas Belltown Cosmetic Dentistry Capitol Hill Cosmetic Dentistry Central District Cosmetic Dentistry Dental Implants First Hill Cosmetic Dentistry Technology Smile Gallery Reviews Contact Team DR. HASAN DBOUK, BDS, MSD Our Team New Patients First Visit Patient Forms Finances Preferred Provider FAQs Seattle Dental Studio Services Emergency Dentistry Dental Cleaning & Prevention Dental Check-Ups Fluoride Treatments Nightguards Oral Cancer Screenings Sports Mouthguards Cosmetic Dentistry Porcelain Crowns Porcelain Veneers Stained Teeth Treatment Chipped Or Broken Tooth Dental Inlays and Onlays Professional Teeth Whitening Smile Makeover Dental Implants All-on-XÂ® Full Mouth Dental Implants Immediate Dental Implant Dental Implant Restorations Full Arch Dental Implants Oral Surgery To",LOCAL,0.9,Verified,2026-09-29T19:40:01Z,"Website clearly shows a single-location dental practice in Seattle offering implant dentistry (All-on-X, full arch, immediate implants) with a named provider (Dr. Hasan Dbouk). Public email uses the website domain (info@seattledentalstudio.com). No evidence of multi-location or enterprise scale."
info@integrativedentistry.com,Integrative Dentistry,http://integrativedentistry.com/,Seattle,WA,America/Los_Angeles,Google Places Text Search -> public website,PASS,ChIJyVm_a_8TkFQRbV0GPy5LEhI,https://mitchmarderdds.com/,"PAGE https://mitchmarderdds.com/: Holistic Dentist Seattle, WA Metal-Free Biological Wisdom Tooth Extraction Bellevue, Kirkland, Portland, Vancouver, Spokane, Shoreline Bothell (206) 367-6453 BOOK APPOINTMENT BOOK APPOINTMENT x Meet Your Dentists Our Values About Our Office Meet Your Hygienists Biological Dentistry Our Office And Technology Demystifying Dental Procedures Why We Are Different Our Services COMING SOON! Biocompatibility Testing NEW! Extracorporal Blood Oxygenation & Ozonation (EBOO) NEW! Intravenous Therapy NEW! Ultraviolet Blood Irradiation (UVBI) NEW! Blood Draw Services Myofunctional Therapy Guided Biofilm Therapy Facial Esthetics Advanced Platelet Rich Fibrin in Seattle Airway Optimization Children’s Dentistry Cosmetic Dentistry Dental Anxiety Clearing Invisalign Laser Therapy Mercury BPA-Free Fillings Metal-Free Dental Implants Myobrace Orthodontics Ozone Therapy Perio Protect Trays Periodontics Plaque Microscopy Safe Mercury Removal Saliva Testing Same-Day Ceramic Crowns and Onlays Sedation Dentistry Sleep Apnea Treatment Swiss Surgical Technique Teledentistry TMJ Treatment Zirconia Implants Blog News Post FAQ Forms HIPAA Notice of Privacy Practices Location/Hours MODERN HOLISTIC CARE Whole-Body Wellness . Natural Alternatives . Biocompatible . Green Living Welcome to Integrative Dentistry Seattle's Best in Holistic Oral Health We provide a unique perspective and philosophy toward dentistry and your overall health. Our holistic dentists practice dentistry from a naturopathic standpoint, carefully assessing your oral health as a representation of your total health and wellness. We believe in providing our patients with only metal-free, mercury-free, BPA-free, and fluoride-free alternatives to today's more traditional dental treatments. With Integrative Dentistry, our goal is to make s
PAGE https://mitchmarderdds.com/about-us/: About Us – Holistic Dentist Seattle, WA Metal-Free Biological Wisdom Tooth Extraction Bellevue, Kirkland, Portland, Vancouver, Spokane, Shoreline Bothell (206) 367-6453 BOOK APPOINTMENT BOOK APPOINTMENT x Meet Your Dentists Our Values About Our Office Meet Your Hygienists Biological Dentistry Our Office And Technology Demystifying Dental Procedures Why We Are Different Our Services COMING SOON! Biocompatibility Testing NEW! Extracorporal Blood Oxygenation & Ozonation (EBOO) NEW! Intravenous Therapy NEW! Ultraviolet Blood Irradiation (UVBI) NEW! Blood Draw Services Myofunctional Therapy Guided Biofilm Therapy Facial Esthetics Advanced Platelet Rich Fibrin in Seattle Airway Optimization Children’s Dentistry Cosmetic Dentistry Dental Anxiety Clearing Invisalign Laser Therapy Mercury BPA-Free Fillings Metal-Free Dental Implants Myobrace Orthodontics Ozone Therapy Perio Protect Trays Periodontics Plaque Microscopy Safe Mercury Removal Saliva Testing Same-Day Ceramic Crowns and Onlays Sedation Dentistry Sleep Apnea Treatment Swiss Surgical Technique Teledentistry TMJ Treatment Zirconia Implants Blog News Post FAQ Forms HIPAA Notice of Privacy Practices Location/Hours About Us What Patients Say About Us Amazing. Thorough. Did tests and mentioned issues that my other dentists didn’t even know about. All dentists should be like Integrative Dentistry. If you're not going here, you're not getting the best care. Kristen W. | | Google Reviews See more real patient reviews on What Patients Say About Us Very accommodating & kind. I really appreciated that the dentist was willing to take the time to make sure all my questions were satisfied even though they were late getting out because of me. The receptionist even helped me find an organic restaurant in the area. If you're not going h",LOCAL,0.85,Verified,2026-09-29T19:40:28Z,"Website clearly represents a real operating dental practice in Seattle, WA specializing in holistic/biological dentistry with metal-free dental implants (zirconia implants) listed as a service. The practice appears to be a single-location local business based in Seattle's Northgate area. Public email info@integrativedentistry.com matches the website domain. Website evidence shows local Seattle focus with patient reviews from Seattle area."
info@shawnkellerdds.com,Smiles By Design,https://shawnkellerdds.com/,Kirkland,WA,America/Los_Angeles,Google Places Text Search -> public website,PASS,ChIJf8em0a9ykFQRoASTZ41L7pE,https://www.shawnkellerdds.com/,"PAGE https://www.shawnkellerdds.com/: Excellent Dentist in Kirkland, WA | Dr. Shawn Keller | Smiles By Design Skip to content 830 6th St. South, Kirkland, WA 98033 Get Directions Call: 425-558-1515 info@shawnkellerdds.com Go to homepage About Dr. Shawn Keller Our Difference Media Hub Blog Implant Dentistry All-on-Four Non-Metal Implants Zygomatic Dental Implants Same Day New Smile™ Sedation Dentistry Full-Mouth Restoration Need a Second Opinion? Cosmetic Dentistry TMJ Pain Relief Non-Surgical Facelift Smile Design Porcelain Veneers Alternative to Dentures Dental Crowns Dental Bridges Need a Second Opinion? Smile Gallery Patient Resources New Patients Finance & Insurance Our Safety Protocols Out of State Guests Contact Schedule Online Open or Close Menu Directions Call Us Book Appt Your Exceptional Dentist in Kirkland, WA Feel the confidence and happiness that come from loving your smile again. Schedule Your Visit Open link in the new window Call Us: 425-558-1515 In the Media Locally and nationally recognized for changing our patients' lives. As Seen On: Play Click to open popup with video Play Click to open popup with video Play Click to open popup with video Play Click to open popup with video Complete Dental Services for Every Smile Comprehensive care for your family in Kirkland, WA. At Smiles By Design, we provide comprehensive dentistry designed around your unique needs. Our compassionate team combines advanced technology, dental medicine, and years of experience to support your oral health and help you maintain a healthy, beautiful smile. From preventive dental care to complex restorations, our dental services are designed to support patients at every stage of life. Cosmetic Dentistry Our cosmetic dentistry services can help improve the appearance, function, and confidence of your smile. Depending on y
PAGE https://www.shawnkellerdds.com/contact/: Smiles By Design | Contact Us | Dentist in Kirkland, WA Skip to content 830 6th St. South, Kirkland, WA 98033 Get Directions Call: 425-558-1515 info@shawnkellerdds.com Go to homepage About Dr. Shawn Keller Our Difference Media Hub Blog Implant Dentistry All-on-Four Non-Metal Implants Zygomatic Dental Implants Same Day New Smile™ Sedation Dentistry Full-Mouth Restoration Need a Second Opinion? Cosmetic Dentistry TMJ Pain Relief Non-Surgical Facelift Smile Design Porcelain Veneers Alternative to Dentures Dental Crowns Dental Bridges Need a Second Opinion? Smile Gallery Patient Resources New Patients Finance & Insurance Our Safety Protocols Out of State Guests Contact Schedule Online Open or Close Menu Directions Call Us Book Appt Contact Smiles By Design Start your journey toward lasting confidence and health with a caring dentist in Kirkland, WA who puts you first. Schedule Your Visit Open link in the new window Call Us: 425-558-1515 Home - Contact Schedule Your Complimentary Consultation Your personalized consultation with your dentist in Kirkland, Dr. Shawn Keller, is the first step toward a smile that feels—and looks—like you again. Phone: 425-558-1515 Email: info@shawnkellerdds.com Location: 830 6th St. South Kirkland, WA 98033 Open Google maps in the new window Facebook Page (open in new window) Instagram Page (open in new window) Twitter Page (open in new window) YouTube Page (open in new window) linkedin Page (open in new window) Pinterest Page (open in new window) Schedule Your Visit New Patients Patient Forms Get a head start on your appointment by completing your forms in advance. It’s an easy way to save time and begin your visit stress-free. Download Forms Finance & Insurance We’ll help you find flexible financing options and make the most of your insurance b
PAGE https://www.shawnkellerdds.com/about/dr-shawn-keller/: Dr. Shawn Keller | Smiles By Design | Renowned Dentist in Kirkland Skip to content 830 6th St. South, Kirkland, WA 98033 Get Directions Call: 425-558-1515 info@shawnkellerdds.com Go to homepage About Dr. Shawn Keller Our Difference Media Hub Blog Implant Dentistry All-on-Four Non-Metal Implants Zygomatic Dental Implants Same Day New Smile™ Sedation Dentistry Full-Mouth Restoration Need a Second Opinion? Cosmetic Dentistry TMJ Pain Relief Non-Surgical Facelift Smile Design Porcelain Veneers Alternative to Dentures Dental Crowns Dental Bridges Need a Second Opinion? Smile Gallery Patient Resources New Patients Finance & Insurance Our Safety Protocols Out of State Guests Contact Schedule Online Open or Close Menu Directions Call Us Book Appt Meet Dr. Shawn Keller World-renowned dentist in Kirkland, creating life-changing smile transformations through ground-breaking implant and cosmetic dentistry. Schedule Your Visit Open link in the new window Call Us: 425-558-1515 Home - About - Dr. Shawn Keller Hi! I'm Dr. Shawn Keller Dentistry is my way of creating art that heals, restores, and transforms the way you see yourself. Play Click to open popup with video What led me to dentistry in the first place was my love for creating art and helping people. But my own experience as a patient is what shaped me into the kind of dentist I am today. I struggled with constant migraines, neck, and hip pain. After countless doctor visits with no success, I learned my bite was the root cause. So, I used advanced dental technology and techniques to diagnose and treat myself, permanently ending my pain and achieving my dream smile in the process. This total-health approach is what led me on my path today, elevating the standards in dental care, paving the way for dentists across the nation, and",LOCAL,0.95,Verified,2026-09-29T19:41:19Z,"Website clearly represents a real operating dental practice (Smiles By Design) specializing in implant dentistry, located in Kirkland, WA (Seattle metro area). The site shows a single location with local address, phone, and domain email (info@shawnkellerdds.com). Services include All-on-Four, zygomatic implants, same-day smile, and full-mouth restoration. No evidence of multi-location or national enterprise; appears to be a local/regional practice."
care@kentimplantcenter.com,Kent Dental Implant Center,https://kentimplantcenter.com/,Kent,WA,America/Los_Angeles,Google Places Text Search -> public website,PASS,ChIJy0RPhSFbkFQRs52deHF0uZU,https://kentimplantcenter.com/,"PAGE https://kentimplantcenter.com/: Affordable Dental Implants in Kent WA | Kent Dental Implant Center Home About Services & Pricing Oral Surgery Dental Implants Dentures Referral Form Contact More Your browser does not support the video tag. Affordable Dental Implants in Kent, WA Transform Your Smile with Expert Care and Personalized Solutions at Kent Dental Implant Center We take Medicaid & Medicare insurances. We beat any quote for Dental Implant Procedures and Oral Surgery (excluding Medicaid) made within 20days! 0% APR financing available for eligible person! Reserve your appointment for the exam and consultation! Schedule Your Consultation Learn About Our Services Expert Dental Implant Services in Kent, WA Affordable Dental Implants in Kent Experience high-quality dental implants and oral surgery tailored to your budget. Our solutions ensure you get the smile you deserve without breaking the bank. Oral Sedation Services Oral sedation for oral surgery, often referred to as conscious sedation, utilizes medication administered orally to create a peaceful, dream-like state during procedures. Patient-Centered Care Our compassionate team prioritizes your comfort and experience, making every visit relaxed and stress-free with personalized care. State-of-the-Art Technology We utilize the latest dental technologies, such as a top-rated 3D CBCT unit and Intraoral Scanners, to enhance precision and efficiency in our procedures, ensuring optimal results and safety. We have an on-site lab with 3D printers and Milling machine that makes it possible to save your costs and provide services conveniently and quickly. Expert Dental Team Led by years of experienced multi specialty professionals, our team is committed to providing exceptional care and expertise from the moment you walk in. Convenient Location & Scheduli
PAGE https://kentimplantcenter.com/contact: Contact Kent Dental Implant Center | (253) 981-3816 | Kent WA Home About Services & Pricing Oral Surgery Dental Implants Dentures Referral Form Contact More Get in Touch with Kent Dental Implant Center Your Journey to a Brighter Smile Starts Here *We beat any prosthetic, implant, and oral surgery quote that is made within 20days (not for Medicaid fee schedule)! *We take Medicaid & Medicare insurance! Contact Information Email [email protected] Phone (253) 981-3816 Address 306 Washington Ave S Kent, WA 98032, USA Hours Mon–Fri: 9:00 AM – 5:00 PM Sat–Sun: By Appointment Send Us a Message Full Name * Email Address * Your Message * Send Message Expert Dental Implant Services for Your Needs in Kent WA Comprehensive Dental Implants Receive top-tier dental implants in Kent, WA that seamlessly blend with your natural teeth for a beautiful smile. Personalized Treatment Plans Our compassionate team takes the time to create treatment plans tailored to your unique dental needs, ensuring the best care. Affordable Dental Implant Options Explore our affordable dental services designed for various budgets, helping you achieve a healthy smile without breaking the bank. State-of-the-Art Facilities Experience the latest dental technology and modern facilities aimed at providing comfort and efficiency during your treatment. We have on site lab that can save your cost and provide service conveniently and quickly. On Site Lab Premise With our advanced on-site lab, outfitted with the latest milling machines, 3D printers, and scanners, we guarantee a quick, budget-friendly, and hassle-free dental experience. Expert Dental Consultation Receive a thorough dental assessment from our experienced professionals to guide your implant journey. Frequently Asked Questions About Dental Implants in Kent, 
PAGE https://kentimplantcenter.com/contact-us: Kent Dental Implant Center Home About Services & Pricing Oral Surgery Dental Implants Dentures Referral Form Contact More 404 Page Not Found Sorry, the page you're looking for doesn't exist or has been moved. 🏠 Go Home ← Go Back Home About Services & Pricing Oral Surgery Dental Implants Dentures Referral Form Contact Financing Blog Schedule your Consultation © 2026 Kent Dental Implant Center. All rights reserved.
PAGE https://kentimplantcenter.com/contactus: Kent Dental Implant Center Home About Services & Pricing Oral Surgery Dental Implants Dentures Referral Form Contact More 404 Page Not Found Sorry, the page you're looking for doesn't exist or has been moved. 🏠 Go Home ← Go Back Home About Services & Pricing Oral Surgery Dental Implants Dentures Referral Form Contact Financing Blog Schedule your Consultation © 2026 Kent Dental Implant Center. All rights reserved.
PAGE https://kentimplantcenter.com/get-in-touch: Kent Dental Implant Center Home About Services & Pricing Oral Surgery Dental Implants Dentures Referral Form Contact More 404 Page Not Found Sorry, the page you're looking for doesn't exist or has been moved. 🏠 Go Home ← Go Back Home About Services & Pricing Oral Surgery Dental Implants Dentures Referral Form Contact Financing Blog Schedule your Consultation © 2026 Kent Dental Implant Center. All rights reserved.
PAGE https://kentimplantcenter.com/connect: Kent Dental Implant Center Home About Services & Pricing Oral Surgery Dental Implants Dentures Referral Form Contact More 404 Page Not Found Sorry, the page you're looking for doesn't exist or has been moved. 🏠 Go Home ← Go Back Home About Services & Pricing Oral Surgery Dental Implants Dentures Referral Form Contact Financing Blog Schedule your Consultation © 2026 Kent Dental Implant Center. All rights reserved.
PAGE https://kentimplantcenter.com/connect-with-us: Kent Dental Implant Center Home About Services & Pricing Oral Surgery Dental Implants Dentures Referral Form Contact More 404 Page Not Found Sorry, the page you're looking for doesn't exist or has been moved. 🏠 Go Home ← Go Back Home About Services & Pricing Oral Surgery Dental Implants Dentures Referral Form Contact Financing Blog Schedule your Consultation © 2026 Kent Dental Implant Center. All rights rese",LOCAL,0.95,Verified,2026-09-29T19:41:41Z,"Website clearly represents a real operating dental implant practice in Kent, WA (Seattle metro area). Single location at 306 Washington Ave S, Kent, WA 98032. Public email care@kentimplantcenter.com matches website domain. Services focused on dental implants, oral surgery, dentures with on-site lab. Accepts Medicaid/Medicare. No evidence of multi-location or national enterprise scale."
admin@renaissancedentalcenter.com,Renaissance Dental Center,https://renaissancedentalcenter.com/,Raleigh,NC,America/New_York,Google Places Text Search -> public website,PASS,ChIJXQgfw-pYrIkRhf5YZZ9Oitw,https://www.renaissancedentalcenter.com/contact-us/,"PAGE https://www.renaissancedentalcenter.com/: Home Page Skip to content Schedule Today Renaissance Dental Center Our Dentists Dr. Anna Abernethy Dr. Jill Sonner Dr. Anita Jones Wells Dr. Cole Younger Our Services General Dentistry Dental Bridges Dental Crowns Dental Fillings Dental Implants Dental Sealants Dentures Implant-Supported Dentures Root Canals Tooth Extractions Cosmetic Dentistry CEREC Bonding Full Mouth Reconstruction Inlays & Onlays Invisalign® Porcelain Veneers Smile Design Teeth in a Day Teeth Whitening Oral Health Dental Exam and Checkup Dentistry While Pregnant Diagnostic Services Fluoride Treatment Pediatric Dentistry Periodontal Maintenance Sedation Dentistry For Patients First Visit Insurance Patient FAQs Financial Policy Contact Us Schedule Today A Smile That Stands Out Our teeth are one of the most noticeable features on our bodies. They are vital when it comes to eating but they are just as important in helping us communicate with each other. The Art of Your Smile Many people, children and adults alike, do not look forward to visiting the dentist. Therefore, we have committed our careers and our practice to changing that perception, one smile at a time. We pride ourselves on treating each person individually, meeting their personal comfort needs and ensuring them the highest level of care. After spending many years as dental associates, we joined forces to build a practice where we could focus on treating people uniquely. This takes the focus off of volume dentistry and overgeneralized care. After Celebrating 15 years of dental excellence, we created a state state-of-the art dental practice, which opened its’ doors in 2009. Since then, we have been a beacon of empathetic general and cosmetic dentistry in Midtown Raleigh, nurturing smiles and easing anxieties with every patient we serve. Schedu
PAGE https://www.renaissancedentalcenter.com/contact-form-google-sheets/: CONTACT FORM GOOGLE SHEETS Skip to content Menu Our Dentists Dr. Anna Abernethy Dr. Jill Sonner Dr. Anita Jones Wells Dr. Cole Younger Our Services General Dentistry Dental Bridges Dental Crowns Dental Fillings Dental Implants Dental Sealants Dentures Implant-Supported Dentures Root Canals Tooth Extractions Cosmetic Dentistry CEREC Bonding Full Mouth Reconstruction Inlays & Onlays Invisalign® Porcelain Veneers Smile Design Teeth in a Day Teeth Whitening Oral Health Dental Exam and Checkup Dentistry While Pregnant Diagnostic Services Fluoride Treatment Pediatric Dentistry Periodontal Maintenance Sedation Dentistry For Patients First Visit Insurance Patient FAQs Financial Policy Contact Us Menu Our Dentists Dr. Anna Abernethy Dr. Jill Sonner Dr. Anita Jones Wells Dr. Cole Younger Our Services General Dentistry Dental Bridges Dental Crowns Dental Fillings Dental Implants Dental Sealants Dentures Implant-Supported Dentures Root Canals Tooth Extractions Cosmetic Dentistry CEREC Bonding Full Mouth Reconstruction Inlays & Onlays Invisalign® Porcelain Veneers Smile Design Teeth in a Day Teeth Whitening Oral Health Dental Exam and Checkup Dentistry While Pregnant Diagnostic Services Fluoride Treatment Pediatric Dentistry Periodontal Maintenance Sedation Dentistry For Patients First Visit Insurance Patient FAQs Financial Policy Contact Us CONTACT FORM GOOGLE SHEETS Google Sheets Name First Last Email * Subject * Message * Renaissance Dental Center 3803-A Computer Drive - Suite 200 - Raleigh, NC 27609 (919) 786-6766
PAGE https://www.renaissancedentalcenter.com/contact-us/: Contact Renaissance Dental Center Skip to content Schedule Today Renaissance Dental Center Our Dentists Dr. Anna Abernethy Dr. Jill Sonner Dr. Anita Jones Wells Dr. Cole Younger Our Services General Dentistry Dental Bridges Dental Crowns Dental Fillings Dental Implants Dental Sealants Dentures Implant-Supported Dentures Root Canals Tooth Extractions Cosmetic Dentistry CEREC Bonding Full Mouth Reconstruction Inlays & Onlays Invisalign® Porcelain Veneers Smile Design Teeth in a Day Teeth Whitening Oral Health Dental Exam and Checkup Dentistry While Pregnant Diagnostic Services Fluoride Treatment Pediatric Dentistry Periodontal Maintenance Sedation Dentistry For Patients First Visit Insurance Patient FAQs Financial Policy Contact Us Schedule Today Contact Us (919) 786-6766 Office Hours Monday 8:30am to 4:30pm Tuesday 9:30am to 4:30pm Wednesday 8:30am to 4:30pm Thursday 8:30am to 3:30pm Friday 8:00am to 1:00pm *Some Fridays Our Location & Contact Renaissance Dental - Raleigh Dentist in Raleigh, North Carolina 3803-A Computer Dr Suite 200, Raleigh, NC 27609 Admin@RenaissanceDentalCenter.com Renaissance Dental Center 3803-A Computer Drive - Suite 200 - Raleigh, NC 27609 (919) 786-6766
PAGE https://www.renaissancedentalcenter.com/about-us/: About Us Skip to content Menu Our Dentists Dr. Anna Abernethy Dr. Jill Sonner Dr. Anita Jones Wells Dr. Cole Younger Our Services General Dentistry Dental Bridges Dental Crowns Dental Fillings Dental Implants Dental Sealants Dentures Implant-Supported Dentures Root Canals Tooth Extractions Cosmetic Dentistry CEREC Bonding Full Mouth Reconstruction Inlays & Onlays Invisalign® Porcelain Veneers Smile Design Teeth in a Day Teeth Whitening Oral Health Dental Exam and Checkup Dentistry While Pregnant Diagnostic Services Fluoride Treatment Pediatric Dentistry Periodontal Maintenance Sedation Dentistry For Patients First Visit Insurance Patient FAQs Financial Policy Contact Us Menu Our Dentists Dr. Anna Abernethy Dr. Jill Sonner Dr. Anita Jones Wells Dr. Cole Younger Our Services General Dentistry Dental Bridges Dental Crowns Dental Fillings Dental Implants Dental Sealants Dentures Implant-Supported Dentures Root Canals Tooth Extractions Cosmetic Dentistry CEREC Bonding Full Mouth Reconstruction Inlays & Onlays Invisalign® Porcelain Veneers Smile Design Teeth in a Day Teeth Whitening Oral Health Dental Exam and Checkup Dentistry While Pregnant Diagnostic Services Fluoride Treatment Pediatric Dentistry Periodontal Maintenan",LOCAL,0.95,Verified,2026-09-29T19:44:05Z,"Website clearly represents a real operating dental practice in Raleigh, NC offering implant dentistry services. The practice has been operating since 2009 (15+ years), has 4 named dentists, and lists a single location in Midtown Raleigh. Public email admin@renaissancedentalcenter.com matches the website domain. No evidence of national/enterprise scale - appears to be a local independent practice."
info@ballarddentalarts.com,Ballard Dental Arts,https://ballarddentalarts.com/,Seattle,WA,America/Los_Angeles,Google Places Text Search -> public website,PASS,ChIJ9WRKUskVkFQR9TMv97uYCYY,https://ballarddentalarts.com/contact-us/,"PAGE https://ballarddentalarts.com/: Ballard Dentist Near Me - Family Dentist in Ballard, Seattle - Ballard Dental Arts Skip to content (206) 784-3740 5803 15th Avenue NW Seattle, WA 98107 Why Choose Us? About Meet Our Doctors Meet Our Team Hygienists Dental Assistants Patient Services Dental Hygiene Dental Implants Teeth Whitening Invisalign® Dental Fillings Sedation Dentistry Dental Crowns Root Canals Wisdom Teeth Facial Filler Treatment Dental Emergency Patient Info New Patients Dental Insurance Dental Benefits Pay Online Dental Blog Contact Why Choose Us? About Meet Our Doctors Meet Our Team Hygienists Dental Assistants Patient Services Dental Hygiene Dental Implants Teeth Whitening Invisalign® Dental Fillings Sedation Dentistry Dental Crowns Root Canals Wisdom Teeth Facial Filler Treatment Dental Emergency Patient Info New Patients Dental Insurance Dental Benefits Pay Online Dental Blog Contact Looking for a trusted dentist in Ballard, Seattle? Trusted Family Dentist in Ballard Comprehensive Ballard dentistry for families and individuals in Ballard, Magnolia, Greenwood, and nearby Seattle neighborhoods. Call Today: (206) 784 - 3740 Schedule An Appointment PART OF OUR FAMILY Experience a friendly, welcoming atmosphere at our Ballard dental office. We take time to get to know each patient so we can provide more personalized care. QUALITY IN ONE PLACE Our in-house dental services make it easier for Ballard families and nearby Seattle patients to get the care they need in one convenient location. FLEXIBLE APPOINTMENTS We prioritize our patients with gentle treatments, quality dental care, and convenient hours during the week. Ballard Dental Arts personalizes dentistry Around you Ballard Dental Arts provides personalized dental care for families and individuals in Ballard and nearby Seattle neighborhoods. 
PAGE https://ballarddentalarts.com/contact-us/: Contact Ballard Dental Arts - Ballard Dentist Office - Seattle Dental Care and Dentistry Skip to content (206) 784-3740 5803 15th Avenue NW Seattle, WA 98107 Why Choose Us? About Meet Our Doctors Meet Our Team Hygienists Dental Assistants Patient Services Dental Hygiene Dental Implants Teeth Whitening Invisalign® Dental Fillings Sedation Dentistry Dental Crowns Root Canals Wisdom Teeth Facial Filler Treatment Dental Emergency Patient Info New Patients Dental Insurance Dental Benefits Pay Online Dental Blog Contact Why Choose Us? About Meet Our Doctors Meet Our Team Hygienists Dental Assistants Patient Services Dental Hygiene Dental Implants Teeth Whitening Invisalign® Dental Fillings Sedation Dentistry Dental Crowns Root Canals Wisdom Teeth Facial Filler Treatment Dental Emergency Patient Info New Patients Dental Insurance Dental Benefits Pay Online Dental Blog Contact Contact Ballard Dental Arts Office information and appointment requests Call Today: (206) 784 - 3740 Ballard Dental Arts Office Information 5803 15th Avenue NW Seattle, WA 98107 Phone: (206) 784 - 3740 Email: Info@BallardDentalArts.Com Office Hours Monday: 7:00 AM – 4:00 PM Tuesday: 7:00 AM – 4:00 PM Wednesday: 7:00 AM – 4:00 PM Thursday: 7:00 AM – 4:00 PM Friday: 7:00 AM – 4:00 PM Request an Appointment Please Select * New Patient Current Patient Preferred Days Tuesday Wednesday Thursday Friday Preferred Times Morning Evening SCHEDULE NOW! ""I always leave the dentist feeling great about my dental care; moreover, the team here is exceptional!"" Bob & Kathy Hammer GOOGLE REVIEWS ""Dr. Cho and staff provided a professional second opinion on a crown. Furthermore, they were efficient and thorough."" Scott W. GOOGLE REVIEWS ""I've been a patient for 15 years. Additionally, the practice has modernized while keeping
PAGE https://ballarddentalarts.com/contact-us/: Contact Ballard Dental Arts - Ballard Dentist Office - Seattle Dental Care and Dentistry Skip to content (206) 784-3740 5803 15th Avenue NW Seattle, WA 98107 Why Choose Us? About Meet Our Doctors Meet Our Team Hygienists Dental Assistants Patient Services Dental Hygiene Dental Implants Teeth Whitening Invisalign® Dental Fillings Sedation Dentistry Dental Crowns Root Canals Wisdom Teeth Facial Filler Treatment Dental Emergency Patient Info New Patients Dental Insurance Dental Benefits Pay Online Dental Blog Contact Why Choose Us? About Meet Our Doctors Meet Our Team Hygienists Dental Assistants Patient Services Dental Hygiene Dental Implants Teeth Whitening Invisalign® Dental Fillings Sedation Dentistry Dental Crowns Root Canals Wisdom Teeth Facial Filler Treatment Dental Emergency Patient Info New Patients Dental Insurance Dental Benefits Pay Online Dental Blog Contact Contact Ballard Dental Arts Office information and appointment requests Call Today: (206) 784 - 3740 Ballard Dental Arts Office Information 5803 15th Avenue NW Seattle, WA 98107 Phone: (206) 784 - 3740 Email: Info@BallardDentalArts.Com Office Hours Monday: 7:00 AM – 4:00 PM Tuesday: 7:00 AM – 4:00 PM Wednesday: 7:00 AM – 4:00 PM Thursday: 7:00 AM – 4:00 PM Friday: 7:00 AM – 4:00 PM Request an Appointment Please Select * New Patient Current Patient Preferred Days Tuesday Wednesday Thursday Friday Preferred Times Morning Evening SCHEDULE NOW! ""I always leave the dentist feeling great about my dental care; moreover, the team here is exceptional!"" Bob & Kathy Hammer GOOGLE REVIEWS ""Dr. Cho and staff provided a professional second opinion on a crown. Furthermore, they were efficient and thorough."" Scott W. GOOGLE REVIEWS ""I've been a patient for 15 years. Additionally, the practice has modernized while keeping",LOCAL,0.95,Verified,2026-09-29T19:44:29Z,"Website clearly represents a real operating dental practice at the given Ballard address. Services include cosmetic dentistry (teeth whitening, Invisalign, facial filler treatment) matching the target query. Single location serving Ballard and nearby Seattle neighborhoods indicates local scale. Public email info@ballarddentalarts.com is on the website domain."
info@smileballard.com,Smile Ballard,https://smileballard.com/,Seattle,WA,America/Los_Angeles,Google Places Text Search -> public website,PASS,ChIJF_VkkMgVkFQRg31r3im8598,https://www.smileballard.com/,"PAGE https://www.smileballard.com/: Seattle Dentist | Smile Ballard | Comprehensive Dentistry Skip to content Directions Call Us Book Appt Open or Close Menu Call Us: 206-784-6310 Schedule Your Appointment Request an Appointment 5350 Tallman Ave NW, Suite 410 Seattle,WA 98107 Meet The Doctors Dr. Dominick Curalli Dr. Katherine Allen Why Choose Us Services General Dentistry Hygiene Cleanings Root Canals Sedation Dentistry Dental Laser Therapy Comprehensive Dentistry Sleep Apnea Sleep Studies Cosmetic Dentistry Porcelain Veneers Invisalign Teeth Whitening Smile Makeover Restorative Dentistry Dental Implants CEREC® Same-Day Crowns Dental Fillings Emergency Dentistry Smile Gallery Patient Info Make a Payment Online Forms Locations Served Blog Contact Request an Appointment 206-784-6310 Protecting Your Family's Smiles Reach optimal oral health with dental visits designed for convenience and comfort. Schedule Your Appointment Call Us (206) 784-6310 YOUR CARING SEATTLE DENTIST Committed to Our Patients At Smile Ballard, we believe in personalized, timely dentistry where you can feel and look confident with your smile without compromising your needs. The way dentistry should be. Step into an office where innovation and quality customer service combine to provide you with a unique and comfortable dental experience. Schedule a one-on-one visit with our dentist in Seattle, WA today. Schedule a Stress-free Appointment Dr. Dominick Curalli Your Seattle Dentist focused on boosting your oral health. ‘‘ “It’s more than just filling cavities and fixing broken teeth. It’s about looking at everything all together. With a comprehensive approach, everything will look better. It will function better, be more structurally sound, and your mouth will be healthier.” Dr. Curalli continually strives to improve your dental visit and 
PAGE https://www.smileballard.com/contact/: Contact Smile Ballard Dentistry | Seattle, WA | 206-784-6310 Skip to content Directions Call Us Book Appt Open or Close Menu Call Us: 206-784-6310 Schedule Your Appointment Request an Appointment 5350 Tallman Ave NW, Suite 410 Seattle,WA 98107 Meet The Doctors Dr. Dominick Curalli Dr. Katherine Allen Why Choose Us Services General Dentistry Hygiene Cleanings Root Canals Sedation Dentistry Dental Laser Therapy Comprehensive Dentistry Sleep Apnea Sleep Studies Cosmetic Dentistry Porcelain Veneers Invisalign Teeth Whitening Smile Makeover Restorative Dentistry Dental Implants CEREC® Same-Day Crowns Dental Fillings Emergency Dentistry Smile Gallery Patient Info Make a Payment Online Forms Locations Served Blog Contact Request an Appointment 206-784-6310 Contact Smile Ballard Call us today to schedule your appointment. Send Us a Message Smile Ballard 5350 Tallman Ave NW, Suite 410 Seattle, WA 98107 Phone: 206-784-6310 Email: info@smileballard.com Office Hours: Mon: 8:00am - 5:00pm Tues: 7:00am - 4:00pm Wed: 8:00am - 5:00pm Thurs: 7:00am - 4:00pm Select Fridays by Appointment Only We Love to Hear from Our Patients Tell us about your experience at Smile Ballard. Leave Us a Review What Can You Expect at Your First Visit? There is no need to feel nervous as we guide you through your dental appointment. Consultation with one of our doctors Diagnostic digital x-rays Full periodontal charting Professional cleaning of teeth and gums Comprehensive exam of your mouth Use digital images to review your dental health Choose Us to Be Your Dentist in Seattle, WA Located in Ballard just off of NW Market St. on the Swedish Campus. Get Directions Facebook Page (open in new window) Twitter Page (open in new window) LinkedIn Page (open in new window) Facebook Page (open in new window) YouTube P
PAGE https://www.smileballard.com/about/doctors/: Dr. Dominick Curalli & Dr. Katherine Allen | Smile Ballard Dentists Skip to content Directions Call Us Book Appt Open or Close Menu Call Us: 206-784-6310 Schedule Your Appointment Request an Appointment 5350 Tallman Ave NW, Suite 410 Seattle,WA 98107 Meet The Doctors Dr. Dominick Curalli Dr. Katherine Allen Why Choose Us Services General Dentistry Hygiene Cleanings Root Canals Sedation Dentistry Dental Laser Therapy Comprehensive Dentistry Sleep Apnea Sleep Studies Cosmetic Dentistry Porcelain Veneers Invisalign Teeth Whitening Smile Makeover Restorative Dentistry Dental Implants CEREC® Same-Day Crowns Dental Fillings Emergency Dentistry Smile Gallery Patient Info Make a Payment Online Forms Locations Served Blog Contact Request an Appointment 206-784-6310 Meet the Doctors Get to know our dentists in Seattle, WA. Dr. Dominick Curalli Dr. Katherine Allen Dr. Dominick Curalli Providing caring family dentistry in Ballard, WA. Dr. Dominick Curalli grew up in Spokane and received his undergraduate degree from Gonzaga University . He obtained his dental degree in 2005 at the University of Washington in Seattle and immediately after went on active duty with the U.S. Army. In his four years as a military dentist, Dr. Curalli spent one year completing an Advanced General Dentistry training program and three years in the 4th Infantry Division during which he deployed to Baghdad in support of Operation Iraqi Freedom. Once separated from the military, Dr. Curalli returned to Seattle, and from 2009-2014 worked in offices in both Newcastle and First Hill. In 2014 Dr. Curalli started Smile Ballard to be closer to home. He enjoys creating healthy smiles that look and feel great. He has vast experience treating dental emergencies and, in the past, has volunteered his time at the UW Dent",LOCAL,0.95,Verified,2026-09-29T19:44:56Z,"Website clearly represents a real operating dental practice in Ballard, Seattle with specific address, two named dentists, comprehensive service list including cosmetic dentistry (veneers, Invisalign, whitening, smile makeover), and public email on the website domain (info@smileballard.com). Single-location practice with local focus indicates LOCAL scale."
office@hyggelaserdentistry.com,Hygge Laser Dentistry,https://hyggelaserdentistry.com/,Seattle,WA,America/Los_Angeles,Google Places Text Search -> public website,PASS,ChIJASISnAr9kFQRkU6Kl7QEyqE,https://www.hyggelaserdentistry.com/contact,"PAGE https://www.hyggelaserdentistry.com/: Dentists in Seattle | Ballard | Hygge Laser Dentistry & Airway Center top of page 7715 24th Ave. NW, Seattle WA 98117 206.789.2555 SCHEDULE NOW Menu Close Why Laser About Laser Dentistry Fotona® Laser Solea® Laser About Meet Dr. Gordon Meet Our Team About Our Office Our Technology Services Anesthesia-Free Fillings Dental Exams & Cleanings Dental Crowns Dental Implants Facial Esthetics Invisalign® Laser Whitening TMJ & Bruxism Veneers Sleep & Airway What is Sleep Apnea? Laser Sleep Treatments For Patients New Patient Info Insurance & Financial Read Our Blog Pay Online Contact Us 7715 24th Ave. NW, Seattle WA 98117 206.789.2555 BOOK ONLINE Why Laser About Laser Dentistry Fotona® Laser Solea® Laser About Meet Dr. Gordon Meet Our Team About Our Office Our Technology Services Anesthesia-Free Fillings Dental Exams & Cleanings Dental Crowns Dental Implants Facial Esthetics Invisalign® Laser Whitening TMJ & Bruxism Veneers Sleep & Airway What is Sleep Apnea? Laser Sleep Treatments For Patients New Patient Info Insurance & Financial Read Our Blog Pay Online Contact Us Creating Healthy Smiles and Restful Sleep Dentist in Ballard | Laser Dentistry & Airway Center in Seattle BOOK AN APPOINTMENT dental services in Ballard Modern Dentistry and Comprehensive Care Are you looking for a dentist near you in Ballard? At Hygge Laser Dentistry, our dentists are committed to improving the dental health and overall well-being of our patients utilizing the advanced technology of laser dentistry and airway treatments. Dedicated to building a relationship based on trust, our team collaborates with our patients about their concerns and provides customized, honest treatment plans. Our services, technology and compassionate care are all designed to help you love your smile - and visiting your denti
PAGE https://www.hyggelaserdentistry.com/contact: Contact Us | Hygge Laser Dentistry & Airway Center in Ballard | Seattle, WA top of page 7715 24th Ave. NW, Seattle WA 98117 206.789.2555 SCHEDULE NOW Menu Close Why Laser About Laser Dentistry Fotona® Laser Solea® Laser About Meet Dr. Gordon Meet Our Team About Our Office Our Technology Services Anesthesia-Free Fillings Dental Exams & Cleanings Dental Crowns Dental Implants Facial Esthetics Invisalign® Laser Whitening TMJ & Bruxism Veneers Sleep & Airway What is Sleep Apnea? Laser Sleep Treatments For Patients New Patient Info Insurance & Financial Read Our Blog Pay Online Contact Us 7715 24th Ave. NW, Seattle WA 98117 206.789.2555 BOOK ONLINE Why Laser About Laser Dentistry Fotona® Laser Solea® Laser About Meet Dr. Gordon Meet Our Team About Our Office Our Technology Services Anesthesia-Free Fillings Dental Exams & Cleanings Dental Crowns Dental Implants Facial Esthetics Invisalign® Laser Whitening TMJ & Bruxism Veneers Sleep & Airway What is Sleep Apnea? Laser Sleep Treatments For Patients New Patient Info Insurance & Financial Read Our Blog Pay Online Contact Us DISCOVER THE BENEFITS OF LASER DENTISTRY Contact us. Book your appointment. Thank you for choosing Hygge Laser Dentistry in Ballard! To schedule an appointment, new and returning patients can use our convenient, online scheduling optio n or you may complete the appointment request form below. Our scheduling coordinator will reach out to you and schedule your appointment as soon as possible. Thank you! LOCATION 7715 24th Ave. NW Seattle, WA 98117 206.789.2555 office@hyggelaserdentistry.com ​ HOURS Thurs & Fri 9AM~5PM (one hour lunch in between) Sat 9AM~6PM (one hour lunch in between) Mon~ Wed : by appointments only (please contact office) ​ Please call the office for more details. ​ SOCIAL LINKS Request an App
PAGE https://www.hyggelaserdentistry.com/about-our-office: About Our Office | Hygge Laser Dentistry & Airway Center in Ballard | Seattle, WA top of page 7715 24th Ave. NW, Seattle WA 98117 206.789.2555 SCHEDULE NOW Menu Close Why Laser About Laser Dentistry Fotona® Laser Solea® Laser About Meet Dr. Gordon Meet Our Team About Our Office Our Technology Services Anesthesia-Free Fillings Dental Exams & Cleanings Dental Crowns Dental Implants Facial Esthetics Invisalign® Laser Whitening TMJ & Bruxism Veneers Sleep & Airway What is Sleep Apnea? Laser Sleep Treatments For Patients New Patient Info Insurance & Financial Read Our Blog Pay Online Contact Us 7715 24th Ave. NW, Seattle WA 98117 206.789.2555 BOOK ONLINE Why Laser About Laser Dentistry Fotona® Laser Solea® Laser About Meet Dr. Gordon Meet Our Team About Our Office Our Technology Services Anesthesia-Free Fillings Dental Exams & Cleanings Dental Crowns Dental Implants Facial Esthetics Invisalign® Laser Whitening TMJ & Bruxism Veneers Sleep & Airway What is Sleep Apnea? Laser Sleep Treatments For Patients New Patient Info Insurance & Financial Read Our Blog Pay Online Contact Us the values and philosophy we share with our patients About Our Office At Hygge Laser Dentistry, general and cosmetic dentists in Ballard, we truly care about our patients and doing everything possible to ensure that every dental experience is comfortable and exceeds expectations. From the first phone call to the outcome of your treatment or procedure, our dentists in Ballard and team of dental professionals are committed to informative, holistic oral and dental healthcare. Collaborative treatment planning Trust-based relationships Environment of comfort and safety Transparency and patient education Individualized care and assesments Our Philosophy of Dentistry DEDICATED TO EXCEPTIONAL DENTISTRY At Hygge",LOCAL,0.95,Verified,2026-09-29T19:45:37Z,"Website clearly represents a real operating dental practice in Ballard, Seattle with specific address (7715 24th Ave NW), local phone number, and domain-matched email (office@hyggelaserdentistry.com). Services include cosmetic dentistry (veneers, Invisalign, laser whitening, facial esthetics) matching target query. Single-location practice with limited hours indicates local scale."
office@greenlakecosmeticdentistry.com,Green Lake Cosmetic Dentistry,https://greenlakecosmeticdentistry.com/,Seattle,WA,America/Los_Angeles,Google Places Text Search -> public website,PASS,ChIJFc_b0hkUkFQRC7kGOC3exmc,https://www.greenlakecosmeticdentistry.com/,"PAGE https://www.greenlakecosmeticdentistry.com/: Dentist in Green Lake, Seattle, WA | Green Lake Dental Skip to content (206) 258-4207 Book Online Menu Menu About Us Meet The Doctor About Our Practice Patient Testimonials Our Blog Areas We Serve (206) 258-4207 Book Online Green Lake Instagram Green Lake Facebook General Dentistry General Dentistry Overview Cleanings & Exams Children’s Dentistry Dental Fillings Dental Crowns Dentures Extractions Gum Disease Treatment Emergency Dentist Dental Bridges Oral Cancer Screening Fluoride Treatment Family Dentist Mouth Guard Night Guards Dental Sealants Dental Hygiene Education (206) 258-4207 Book Online Green Lake Instagram Green Lake Facebook Cosmetic Dentistry Cosmetic Overview Cosmetic Bonding Invisalign Porcelain Veneers Teeth Whitening Smile Makeover White Spot Removal Denture Repairs Implant Crowns (206) 258-4207 Book Online Green Lake Instagram Green Lake Facebook Patients Insurance & Financial Membership Plan Patient Forms (206) 258-4207 Book Online Green Lake Instagram Green Lake Facebook Contact Us Book Appointment Contact Information (206) 258-4207 Book Online @greenlake.cosmetic.dentistry Green Lake Cosmetic Dentistry Home About Us General Dentistry Cosmetic Dentistry Patients Contact Us (206) 258-4207 Book Online @greenlake.cosmetic.dentistry Green Lake Cosmetic Dentistry Where Families in Green Lake Come to Smile Top Dentist in Green Lake, Seattle Looking for a dentist in Green Lake Seattle who makes dental care feel refreshingly easy? At Green Lake Cosmetic Dentistry, we combine high-level care with warmth, humor, and modern style, so your whole family actually looks forward to visits. From routine cleanings to subtle smile upgrades, we offer comprehensive care in a boutique, neighborhood setting. Book Online Why Our Green Lake Dental Office At Green Lake Cosmet
PAGE https://www.greenlakecosmeticdentistry.com/contact-us/: Contact Information for Green Lake Cosmetic Dentistry Skip to content (206) 258-4207 Book Online Menu Menu About Us Meet The Doctor About Our Practice Patient Testimonials Our Blog Areas We Serve (206) 258-4207 Book Online Green Lake Instagram Green Lake Facebook General Dentistry General Dentistry Overview Cleanings & Exams Children’s Dentistry Dental Fillings Dental Crowns Dentures Extractions Gum Disease Treatment Emergency Dentist Dental Bridges Oral Cancer Screening Fluoride Treatment Family Dentist Mouth Guard Night Guards Dental Sealants Dental Hygiene Education (206) 258-4207 Book Online Green Lake Instagram Green Lake Facebook Cosmetic Dentistry Cosmetic Overview Cosmetic Bonding Invisalign Porcelain Veneers Teeth Whitening Smile Makeover White Spot Removal Denture Repairs Implant Crowns (206) 258-4207 Book Online Green Lake Instagram Green Lake Facebook Patients Insurance & Financial Membership Plan Patient Forms (206) 258-4207 Book Online Green Lake Instagram Green Lake Facebook Contact Us Book Appointment Contact Information (206) 258-4207 Book Online @greenlake.cosmetic.dentistry Green Lake Cosmetic Dentistry Home About Us General Dentistry Cosmetic Dentistry Patients Contact Us (206) 258-4207 Book Online @greenlake.cosmetic.dentistry Green Lake Cosmetic Dentistry Green Lake Cosmetic Dentistry Contact Us Get in touch with Green Lake Cosmetic Dentistry in Seattle’s Green Lake neighborhood. Find our address, phone number, directions and email us here. Get in Touch 8018 Aurora Ave N Seattle, WA 98103 Phone: (206) 258-4207 Office Hours: Tuesday: 8:00am – 5:00pm Wednesday: 8:00am – 5:00pm Thursday: 8:00am – 5:00pm Friday: 8:00am – 5:00pm Saturday: By Appointment Only Sunday & Monday: Closed Driving Directions Please enable JavaScript in your browser to complete 
PAGE https://www.greenlakecosmeticdentistry.com/contact-us/: Contact Information for Green Lake Cosmetic Dentistry Skip to content (206) 258-4207 Book Online Menu Menu About Us Meet The Doctor About Our Practice Patient Testimonials Our Blog Areas We Serve (206) 258-4207 Book Online Green Lake Instagram Green Lake Facebook General Dentistry General Dentistry Overview Cleanings & Exams Children’s Dentistry Dental Fillings Dental Crowns Dentures Extractions Gum Disease Treatment Emergency Dentist Dental Bridges Oral Cancer Screening Fluoride Treatment Family Dentist Mouth Guard Night Guards Dental Sealants Dental Hygiene Education (206) 258-4207 Book Online Green Lake Instagram Green Lake Facebook Cosmetic Dentistry Cosmetic Overview Cosmetic Bonding Invisalign Porcelain Veneers Teeth Whitening Smile Makeover White Spot Removal Denture Repairs Implant Crowns (206) 258-4207 Book Online Green Lake Instagram Green Lake Facebook Patients Insurance & Financial Membership Plan Patient Forms (206) 258-4207 Book Online Green Lake Instagram Green Lake Facebook Contact Us Book Appointment Contact Information (206) 258-4207 Book Online @greenlake.cosmetic.dentistry Green Lake Cosmetic Dentistry Home About Us General Dentistry Cosmetic Dentistry Patients Contact Us (206) 258-4207 Book Online @greenlake.cosmetic.dentistry Green Lake Cosmetic Dentistry Green Lake Cosmetic Dentistry Contact Us Get in touch with Green Lake Cosmetic Dentistry in Seattle’s Green Lake neighborhood. Find our address, phone number, directions and email us here. Get in Touch 8018 Aurora Ave N Seattle, WA 98103 Phone: (206) 258-4207 Office Hours: Tuesday: 8:00am – 5:00pm Wednesday: 8:00am – 5:00pm Thursday: 8:00am – 5:00pm Friday: 8:00am – 5:00pm Saturday: By Appointment Only Sunday & Monday: Closed Driving Directions Please enable JavaScript in your browser to complete 
PAGE https://www.greenlakecosmeticdentistry.com/about-us/: About Our Green Lake Seattle Dental Office | Green Lake Cosmetic Dentistry Skip to content (206) 258-4207 Book Online Menu Menu About Us Meet The Doctor About Our Practice Patient Testimonials Our Blog Areas We Serve (206) 258-4207 Book Online Green Lake Instagram Green Lake Facebook General Dentistry General Dentistry Overview Cleanings & Exams Children’s Dentist",LOCAL,0.95,Verified,2026-09-29T19:46:23Z,"Website clearly represents a real operating dental practice in Seattle's Green Lake neighborhood. Single location at 8018 Aurora Ave N, Seattle WA 98103. Offers cosmetic dentistry services (veneers, Invisalign, whitening, smile makeovers) matching target query. Public email office@greenlakecosmeticdentistry.com uses the website domain. Boutique neighborhood practice positioning indicates local scale."
info@crownhillsmiles.com,Crown Hill Smiles,https://crownhillsmiles.com/,Seattle,WA,America/Los_Angeles,Google Places Text Search -> public website,PASS,ChIJV4SWAioUkFQRYDE7fuylKAs,https://crownhillsmiles.com/,"PAGE https://crownhillsmiles.com/: Dentist Seattle, WA | Crown Hill Smiles Accessibility A A A 8001 15th Ave NW Seattle, WA 98117-3602 Call us today! (206) 204-9623 REQUEST AN APPOINTMENT | Contact Us | Patient Information Patient Forms Your First Visit Financial Information At Home Care Dental X-rays Fluoride | Dental Services Preventive Dentistry Family Dentistry Gum Disease Cosmetic Dentistry Restorative Dentistry Dental Emergency | About Us Ryan O'Connor, DDS Jennifer Walker, DDS Dental Technology | Home MENU Home About Us Ryan O'Connor, DDS Jennifer Walker, DDS Dental Technology Dental Services Preventive Dentistry Family Dentistry Gum Disease Cosmetic Dentistry Restorative Dentistry Dental Emergency Patient Information Patient Forms Your First Visit Financial Information At Home Care Dental X-rays Fluoride Contact Us Welcome to Crown Hill Smiles Dentist in Seattle, WA Serving Northwest Seattle communities of Crown Hill, Ballard, Blue Ridge, Greenwood, and beyond. At Crown Hill Smiles, we believe in a new age of dental care, where quality and comfort go hand-in-hand. Dentistry demands a high level of core skill and judgment, but first and foremost it is a people business. We practice a patient-centered approach and strive to create a comfortable and stress-free experience. We believe you will find we have successfully combined trusted techniques and high-quality technology with the personal attention you desire and should expect. Meet Our Team Dr. O’Connor and Dr. Walker are a husband-wife team with a strong commitment to patient comfort and well-being. Learn more about Dr. O'Connor, Dr. Walker and their team. Our Approach We believe the path to optimum oral health is different for everyone. Our patient-centered approach allows us to tailor treatment to meet the unique needs of every individual. You
PAGE https://crownhillsmiles.com/p/dentist-Loyal-Heights-Contact-Us-p11022.asp: Contact Us | Crown Hill Smiles| Seattle, WA Accessibility A A A 8001 15th Ave NW Seattle, WA 98117-3602 Call us today! (206) 204-9623 REQUEST AN APPOINTMENT | Contact Us | Patient Information Patient Forms Your First Visit Financial Information At Home Care Dental X-rays Fluoride | Dental Services Preventive Dentistry Family Dentistry Gum Disease Cosmetic Dentistry Restorative Dentistry Dental Emergency | About Us Ryan O'Connor, DDS Jennifer Walker, DDS Dental Technology | Home MENU Home About Us Ryan O'Connor, DDS Jennifer Walker, DDS Dental Technology Dental Services Preventive Dentistry Family Dentistry Gum Disease Cosmetic Dentistry Restorative Dentistry Dental Emergency Patient Information Patient Forms Your First Visit Financial Information At Home Care Dental X-rays Fluoride Contact Us Home › Contact Us Contact Us Hours of Operation We are open: Monday and Tuesday: 7:30am - 4:30pm Wednesday: 7:00am - 4:00pm Thursday: 7:00am - 2:00pm Friday: Closed Location and Phone We are located at the northwest corner of 15th Ave NW and NW 80th street. Address: 8001 15th Ave NW Seattle, WA 98117-3602 Phone: (206) 204-9623 Fax: (206) 789-9978 Email: info@CrownHillSmiles.com Areas we serve: • Shoreline, WA • West Seattle, WA • Edmonds, WA • Ballard, WA • And anywhere in the surrounding Seattle, WA areas! Get in Touch! PHONE (206) 204-9623 EMAIL info@CrownHillSmiles.com LOCATION 8001 15th Ave NW Seattle, WA 98117-3602 Request An Appointment Learn More About Our Services Copyright © 2014-2026 Crown Hill Smiles and WEO Media - Dental Marketing (Touchpoint Communications LLC). All rights reserved. Sitemap Contact Us | Crown Hill Smiles| Seattle, WA Contact Crown Hill Dental Care in Seattle, WA, where we enhance your wellness and provide quality dental care in a relaxed, comfortable 
PAGE https://crownhillsmiles.com/p/dentist-Loyal-Heights-Contact-Us-p11022.asp: Contact Us | Crown Hill Smiles| Seattle, WA Accessibility A A A 8001 15th Ave NW Seattle, WA 98117-3602 Call us today! (206) 204-9623 REQUEST AN APPOINTMENT | Contact Us | Patient Information Patient Forms Your First Visit Financial Information At Home Care Dental X-rays Fluoride | Dental Services Preventive Dentistry Family Dentistry Gum Disease Cosmetic Dentistry Restorative Dentistry Dental Emergency | About Us Ryan O'Connor, DDS Jennifer Walker, DDS Dental Technology | Home MENU Home About Us Ryan O'Connor, DDS Jennifer Walker, DDS Dental Technology Dental Services Preventive Dentistry Family Dentistry Gum Disease Cosmetic Dentistry Restorative Dentistry Dental Emergency Patient Information Patient Forms Your First Visit Financial Information At Home Care Dental X-rays Fluoride Contact Us Home › Contact Us Contact Us Hours of Operation We are open: Monday and Tuesday: 7:30am - 4:30pm Wednesday: 7:00am - 4:00pm Thursday: 7:00am - 2:00pm Friday: Closed Location and Phone We are located at the northwest corner of 15th Ave NW and NW 80th street. Address: 8001 15th Ave NW Seattle, WA 98117-3602 Phone: (206) 204-9623 Fax: (206) 789-9978 Email: info@CrownHillSmiles.com Areas we serve: • Shoreline, WA • West Seattle, WA • Edmonds, WA • Ballard, WA • And anywhere in the surrounding Seattle, WA areas! Get in Touch! PHONE (206) 204-9623 EMAIL info@CrownHillSmiles.com LOCATION 8001 15th Ave NW Seattle, WA 98117-3602 Request An Appointment Learn More About Our Services Copyright © 2014-2026 Crown Hill Smiles and WEO Media - Dental Marketing (Touchpoint Communications LLC). All rights reserved. Sitemap Contact Us | Crown Hill Smiles| Seattle, WA Contact Crown Hill Dental Care in Seattle, WA, where we enhance your wellness and provide quality dental care in a relaxed, comfortable ",LOCAL,0.95,Verified,2026-09-29T19:47:31Z,"Website clearly represents a real operating dental practice at the given address with cosmetic dentistry services. The practice serves Northwest Seattle neighborhoods including Ballard, Crown Hill, Blue Ridge, and Greenwood. Public email info@crownhillsmiles.com matches the website domain. Two-dentist husband-wife team indicates a local independent practice rather than a regional chain or enterprise."
info@lindafukudadds.com,Linda Fukuda Family Dentistry,http://lindafukudadds.com/,Seattle,WA,America/Los_Angeles,Google Places Text Search -> public website,PASS,ChIJrR4DziMUkFQRD_7yqS_Dqqw,https://www.lindafukudadds.com/,"PAGE https://www.lindafukudadds.com/: Welcome! | Linda Fukuda Family Dentistry - Greenwood, Seattle, WA Menu Home Meet The Dentist Services Dentures Dental Fear Whitening Insurance & Financial New Patients/Registration Contact Patient Education 206-784-4800 Linda Fukuda Family Dentistry Friendly Caring Affordable Testimonials What Our Patients Say About Us "" I'm very please with Dr.Fakuda's office. Everyone is very nice. I enjoy seeing my hygienist, Lisa. She is very gentle and always give good advice. Dr. Fakuda always cheerful and knowledgeable about what's going on with my teeth. She's knowledgeable, kind and gentle. Highly recommend Dr.Fakuda for any dental work. "" Vhanthip B. "" I've been cleaning my teeth at this clinic for over 5 years. The staff are always very friendly. My hygienist Lisa is caring and fun to spend my teeth cleaning time with :D she is not just cleaning my teeth well, she also makes sure to inform me my insurance coverage changes. She makes sure I get the most out of my insurance with no surprise out of pocket payments. Dr Fukuda is a great doctor. She is warm and very professional. She never recommends unnecessary treatment. The clinic building is old but the equipments and technology they use are top notch. They spend their investment on the most important things. If you are looking for a good, long term clinic, I would high recommend this one! "" Xu P. "" Great for sensitive teeth havers! My whole family has been coming to Dr. Fukuda for over 20 years, faithfully every 6 months for cleanings. Two of them now live in Everett and still travel to Greenwood to the dentist! She is friendly and knowledgable. She answers questions. She has coverage when she is out of the office so there is always another dentist available. She has very little staff turnover so they must be treated well the
PAGE https://www.lindafukudadds.com/contact: Contact Us | Linda Fukuda Family Dentistry - Greenwood, Seattle, WA Menu Home Meet The Dentist Services Dentures Dental Fear Whitening Insurance & Financial New Patients/Registration Contact Patient Education 206-784-4800 Linda Fukuda Family Dentistry Contact Us Let's get in touch! If you would like to schedule an appointment, discuss billing or treatment related matters or simply get answers to your general questions, please telephone our office directly. We would love to provide one on one, personal customer service. (Should you reach our voicemail, please leave us a message, we will get back with you as soon as possible!) Phone: (206) 784-4800 Fax: (206) 784-2458 Address: 8119 Greenwood Ave. North, Suite 4230 Seattle, WA 98103 Directions: Our Location 8119 Greenwood Ave. North Seattle, WA 98103 Hours of Operation Our Regular Schedule Linda Fukuda, DDS Monday: 8:00 am - 5:00 pm Tuesday: 8:00 am - 7:00 pm Wednesday: 8:00 am - 5:00 pm Thursday: 8:00 am - 5:00 pm Friday: 8:00 am - 5:00 pm Saturday: 1st and 3rd Saturday of each month 8:00 am - 3:00 pm Sunday: Closed We are a friendly, caring and affordable dental practice located in Seattle’s Greenwood/Phinney neighborhood. Our office has been providing quality dental care to individuals, families and children for over 35 years. Family Dentistry, Cosmetic Dentistry, General Dentistry, Greenwood Dentist Copyright © 2026 MH Sub I, LLC dba Officite. Admin Log In Site Map",LOCAL,0.95,Verified,2026-09-29T19:47:48Z,"Website clearly represents a real operating dental practice in Seattle's Greenwood/Phinney neighborhood with over 35 years of service. Offers cosmetic dentistry among services. Public email domain matches website domain. Single-location practice with local focus, not a national enterprise."
info@chicagostylesmiles.com,Chicago Style Smiles,https://chicagostylesmiles.com/,Chicago,IL,America/Chicago,Google Places Text Search -> public website,PASS,ChIJw4BItKUsDogRrf37rqBzoWA,https://chicagostylesmiles.com/contact-us/,"PAGE https://chicagostylesmiles.com/: Chicago Dentist | 30 N. Michigan Ave | Chicago Style Smiles Skip to main content Hit enter to search or ESC to close Close Search Menu New Patients Getting to Our Office First Appointment Medical Forms Make a Payment Care Credit Apply Now About Meet Our Dentists Patient Reviews Covid-19 Safety Protocols Smile Gallery Aesthetics Bonding Botox for TMD Cosmetic Dentistry Invisalign Porcelain Veneers Teeth Whitening Services Bite and Jaw Issues Cleanings and Exams Crowns Child Dentistry Dentures Dental Bridges Dental Implants Fillings and Restorations Gum Disease Treatment Non Surgical Root Canal Same Day Crowns Tooth Extraction Blog Book Now Play Video Play Video Your Chicago Dentist Located at 30 N. Michigan Ave. At Chicago Style Smiles, we combine cutting-edge technology with genuine Midwestern warmth to deliver the healthy, stunning smile you’ve always wanted. From transformative cosmetic dentistry and Invisalign® to same-day implants and emergency care, we deliver world-class results with truly personalized attention. Whether you’re whitening for a big event, straightening your smile, replacing missing teeth, or simply staying on top of routine check-ups, our experienced team is dedicated to making every visit comfortable, efficient, and genuinely enjoyable. Smile Design Chicago Style Smiles specializes in dentistry that enhances the beauty of your smile, delivering natural, confident results you’ll love to show off. Same Day Crowns Same-day crowns utilize advanced digital technology to design, fabricate, and place your custom crown in just one visit, saving you multiple appointments. Botox for TMD We offer therapeutic Botox injections exclusively for the treatment of Temporomandibular Joint Disorder (TMD/TMJ) and masseter muscle tightness. Invisalign Achieve the confi
PAGE https://chicagostylesmiles.com/contact-us/: Contact Us | 30 N. Michigan Ave | Chicago Style Smiles Skip to main content Hit enter to search or ESC to close Close Search Menu New Patients Getting to Our Office First Appointment Medical Forms Make a Payment Care Credit Apply Now About Meet Our Dentists Patient Reviews Covid-19 Safety Protocols Smile Gallery Aesthetics Bonding Botox for TMD Cosmetic Dentistry Invisalign Porcelain Veneers Teeth Whitening Services Bite and Jaw Issues Cleanings and Exams Crowns Child Dentistry Dentures Dental Bridges Dental Implants Fillings and Restorations Gum Disease Treatment Non Surgical Root Canal Same Day Crowns Tooth Extraction Blog Book Now Book An Appointment Book Online Hours of Operation Monday & Tuesday 8am-6pm Wednesday 8am-3pm Thursday 8am-5pm Friday 8am-5pm Saturday & Sunday – Closed Phone & Email Phone: 312-372-4845 Email: [email protected] Fax: (312) 275-7751 If You Have Any Questions Please Fill Out The Form Below Contact Us First Name * Last Name * Email * Phone * Appointment Type or Questions * Are you a returning patient? * No Yes Submit If you are human, leave this field blank. Our Address 30 North Michigan Avenue, Suite 1506 Chicago, IL 60602 twitter facebook instagram Phone : 312-372-4845 Close Menu New Patients Getting to Our Office First Appointment Medical Forms Make a Payment Care Credit Apply Now About Meet Our Dentists Patient Reviews Covid-19 Safety Protocols Smile Gallery Aesthetics Bonding Botox for TMD Cosmetic Dentistry Invisalign Porcelain Veneers Teeth Whitening Services Bite and Jaw Issues Cleanings and Exams Crowns Child Dentistry Dentures Dental Bridges Dental Implants Fillings and Restorations Gum Disease Treatment Non Surgical Root Canal Same Day Crowns Tooth Extraction Blog Book Now Location & Contact Info 30 N. Michigan Ave #1506 Chicago, IL
PAGE https://chicagostylesmiles.com/contact-us/: Contact Us | 30 N. Michigan Ave | Chicago Style Smiles Skip to main content Hit enter to search or ESC to close Close Search Menu New Patients Getting to Our Office First Appointment Medical Forms Make a Payment Care Credit Apply Now About Meet Our Dentists Patient Reviews Covid-19 Safety Protocols Smile Gallery Aesthetics Bonding Botox for TMD Cosmetic Dentistry Invisalign Porcelain Veneers Teeth Whitening Services Bite and Jaw Issues Cleanings and Exams Crowns Child Dentistry Dentures Dental Bridges Dental Implants Fillings and Restorations Gum Disease Treatment Non Surgical Root Canal Same Day Crowns Tooth Extraction Blog Book Now Book An Appointment Book Online Hours of Operation Monday & Tuesday 8am-6pm Wednesday 8am-3pm Thursday 8am-5pm Friday 8am-5pm Saturday & Sunday – Closed Phone & Email Phone: 312-372-4845 Email: [email protected] Fax: (312) 275-7751 If You Have Any Questions Please Fill Out The Form Below Contact Us First Name * Last Name * Email * Phone * Appointment Type or Questions * Are you a returning patient? * No Yes Submit If you are human, leave this field blank. Our Address 30 North Michigan Avenue, Suite 1506 Chicago, IL 60602 twitter facebook instagram Phone : 312-372-4845 Close Menu New Patients Getting to Our Office First Appointment Medical Forms Make a Payment Care Credit Apply Now About Meet Our Dentists Patient Reviews Covid-19 Safety Protocols Smile Gallery Aesthetics Bonding Botox for TMD Cosmetic Dentistry Invisalign Porcelain Veneers Teeth Whitening Services Bite and Jaw Issues Cleanings and Exams Crowns Child Dentistry Dentures Dental Bridges Dental Implants Fillings and Restorations Gum Disease Treatment Non Surgical Root Canal Same Day Crowns Tooth Extraction Blog Book Now Location & Contact Info 30 N. Michigan Ave #1506 Chicago, IL
PAGE https://chicagostylesmiles.com/about-our-practice/: About our Practice | Chicago Style Smiles Skip to main content Hit enter to search or ESC to close Close Search Menu New Patients Getting to Our Office First Appointment Medical Forms Make a Payment Care Credit Apply Now About Meet Our Dentists Patient Reviews Covid-19 Safety Protocols Smile Gallery Aesthetics Bonding Botox for TMD Cosmetic Dentistry Invisalign Porcelain Veneers Teeth Whitening Servic",LOCAL,0.95,Verified,2026-09-29T19:49:30Z,"Website clearly represents a real operating dental practice at 30 N Michigan Ave #1506, Chicago IL 60602. Offers smile enhancement services (cosmetic dentistry, veneers, Invisalign, whitening, bonding, Botox for TMD). Single-location practice with local Chicago focus, not a national chain. Public email info@chicagostylesmiles.com matches website domain. Relevant to target query 'smile enhancement firm West Loop Chicago IL' (downtown Chicago location, smile enhancement services)."
info@luxsmiles.net,Lux Smiles Cosmetic Dentistry and Prosthodontics,https://luxsmiles.net/,Chicago,IL,America/Chicago,Google Places Text Search -> public website,PASS,ChIJgbomGDnTD4gRsZ9tZQkDuuc,https://www.luxsmiles.net/,"PAGE https://www.luxsmiles.net/: Prosthodontist in Chicago IL | Lux Smiles Cosmetic Dentistry and Prosthodontics (312) 500-5001 Book An Appointment About Dr. Joshua Prompton Blog Services Cosmetic Dentistry Full Mouth Restorations Invisalign ® Porcelain Crowns Gum Contouring Teeth Whitening Smile Makeovers Tooth Colored Fillings Prosthodontics Dental Crowns Dental Bridges Dental Implants Dentures & Partials Full Mouth Restorations TMJ and Bite Therapy Dental Implants All-On-4 Snap-In Implant Dentures Single Tooth Implants & Bridges Dental Implants Pricing Guide Veneers Porcelain Veneers FAQ Types of Veneers Porcelain Veneers Overview Laser Dentistry General Dentistry New Patients Financing Specials Referrals Smile Gallery Contact (312) 500-5001 Book An Appointment (312) 500-5001 Book Now Prosthodontist in Chicago, IL Your Smile, Our Passion Free Smile Design Consultation 5.0 Ratings from 190+ Review Book An Appointment // We exist to Spread The Smiles // Welcome To Lux Smiles Here at Lux Smiles, we love spreading smiles with our patients and team. As a non-corporate, family-owned practice, we pride ourselves on offering personalized care that is tailored to each patient’s unique needs and budget. Our office is designed for your comfort and features state-of-the-art technology, and our prosthodontist Chicago, IL, ensures your smile gets the best treatment possible. We also offer the convenience of free parking right at our location. We would love the opportunity to meet you, give you a tour of our modern facility, and discuss how we can help you achieve your dream smile! Talk to our prosthodontist in Chicago, and find out what's ideal for your oral health. See What Sets Us Apart // Supporting You from Start to Completion// Meet the face behind your smile Dr. Joshua Prompton DDS Prosthodontist Dr. Joshua
PAGE https://www.luxsmiles.net/contact/: Contact - Dental Office in Chicago IL - Lux Smiles (312) 500-5001 Book An Appointment About Dr. Joshua Prompton Blog Services Cosmetic Dentistry Full Mouth Restorations Invisalign ® Porcelain Crowns Gum Contouring Teeth Whitening Smile Makeovers Tooth Colored Fillings Prosthodontics Dental Crowns Dental Bridges Dental Implants Dentures & Partials Full Mouth Restorations TMJ and Bite Therapy Dental Implants All-On-4 Snap-In Implant Dentures Single Tooth Implants & Bridges Dental Implants Pricing Guide Veneers Porcelain Veneers FAQ Types of Veneers Porcelain Veneers Overview Laser Dentistry General Dentistry New Patients Financing Specials Referrals Smile Gallery Contact (312) 500-5001 Book An Appointment (312) 500-5001 Book Now Contact Our Location We have free and convenient parking available anywhere in the parking lot next to 2400 N Ashland. Reach Us 2400 N Ashland Ave Suite 200, Chicago, IL 60614 (312) 500-5001 info@luxsmiles.net Office Hours Mon – Fri: 9:00 AM – 5:00 PM We Welcome New Patients Book An Appointment (312) 500-5001 // TESTIMONIALs // Real Patients, Real Reviews 5.0 Ratings from 190+ Review I was experiencing some tooth pain so I went to see Dr Prompton and the service and level of care were impeccable. Dr Prompton is very knowledgeable and made my dental experience quick and painless. Dr showed me my X-rays immediately after taking them and told me every step we’d be taking to insure a comfortable procedure. I would definitely recommend him! Patrick C. I went to Lux Smiles for an implant and was impressed with the quality of service, technology and price. I paid one low price and there were no additional charges or add on fees. The dentist(s) were personable, caring and honest and the scheduled appointments were quick and on time. Never a wait more than
PAGE https://www.luxsmiles.net/about/: About - Dental Care in Chicago IL - Lux Smiles (312) 500-5001 Book An Appointment About Dr. Joshua Prompton Blog Services Cosmetic Dentistry Full Mouth Restorations Invisalign ® Porcelain Crowns Gum Contouring Teeth Whitening Smile Makeovers Tooth Colored Fillings Prosthodontics Dental Crowns Dental Bridges Dental Implants Dentures & Partials Full Mouth Restorations TMJ and Bite Therapy Dental Implants All-On-4 Snap-In Implant Dentures Single Tooth Implants & Bridges Dental Implants Pricing Guide Veneers Porcelain Veneers FAQ Types of Veneers Porcelain Veneers Overview Laser Dentistry General Dentistry New Patients Financing Specials Referrals Smile Gallery Contact (312) 500-5001 Book An Appointment (312) 500-5001 Book Now About Welcome To Lux Smiles At Lux Smiles, we provide exceptional cosmetic and restorative dentistry services in the Chicago area, helping you achieve the smile you've always wanted. We recognize the importance of having a healthy, beautiful, and radiant smile. Our dedicated team of doctors and staff is committed to working closely with you to meet your individual goals and create a smile that leaves a lasting impression. Led by a highly skilled and passionate team, our practice upholds the highest standards of care by utilizing the latest technologies and techniques, ensuring you reach your dream smile. Convenient parking is available in the lot next to 2400 N Ashland. Meet the Lux Smiles Family We Welcome New Patients Book An Appointment (312) 500-5001 // TESTIMONIALs // Real Patients, Real Reviews 5.0 Ratings from 190+ Review I was experiencing some tooth pain so I went to see Dr Prompton and the service and level of care were impeccable. Dr Prompton is very knowledgeable and made my dental experience quick and painless. Dr showed me my X-rays imme",LOCAL,0.95,Verified,2026-09-29T19:50:52Z,"Website clearly represents a real operating dental practice specializing in cosmetic dentistry and prosthodontics (smile enhancement) in Chicago. The practice is explicitly described as 'non-corporate, family-owned' with a single location at 2400 N Ashland Ave, indicating local scale. Public email info@luxsmiles.net matches the website domain. Services include smile makeovers, veneers, teeth whitening, and full mouth restorations directly relevant to the target query."
info@chicagoloopdentistry.com,Chicago Loop Dentistry,https://chicagoloopdentistry.com/,Chicago,IL,America/Chicago,Google Places Text Search -> public website,PASS,ChIJu3JTqaUsDogRIEFwaQEsUYA,https://chicagoloopdentistry.com/,"PAGE https://chicagoloopdentistry.com/: Chicago Loop Dentist | Cosmetic & Family Care | CLD Skip to main content facebook instagram ✨ BEAUTY BOOST EVENT – $500 OFF INVISALIGN • 10% OFF BOTOX/TMJ • $99 TEETH WHITENING | LIMITED AVAILABILITY – BOOK NOW Special Offers Financial Options Search Close Search Book Online Menu About Us Why Chicago Chooses Us Our Team Teledentistry Testimonials Dental Anxiety Therapy Dog Patient Resources Frequently Asked Questions Blog Dental Implants All Services General Dentistry Dental Exam & Cleaning Gum Disease Treatment Tooth Extractions Sleep Apnea Treatment Wisdom Teeth Removal Impacted Wisdom Teeth Cosmetic Dentistry Porcelain Veneers Teeth Whitening Zoom Teeth Whitening Bruxism Treatment (Botox) Invisalign Restorative Dentistry Dental Implants Implant Retained Dentures Clear Aligners Dentures Dental Bridges Dental Crowns Dental Fillings (tooth decay) Non Surgical Root Canal Financial Options Insurance Providers Membership TMJ Membership Plan Workers Comp Special Offers Contact Us Contact Us Referrals Book Online General & Cosmetic Dentist in Chicago, IL Welcome to Chicago Loop Dentistry Finding a trusted dentist in Chicago who combines advanced technology with personalized care can transform your oral health journey. At Chicago Loop Dentistry, Dr. Jessica Mehta provides top quality dentistry and dental services from our conveniently located downtown practice at 25 E Washington St Ste 1121, Chicago, IL 60602. Book Online or call +1 (312) 372-3323 Exceptional dentistry in a spa-like environment for over 25 years.. Gentle, Compassionate Care Short Notice Availability Thousands of Happy Patients Third Party Financing Available Modern Dental Lab Collaborative Smile Design WELCOME TO Chicago Loop Dentistry Your Trusted Dental Team in Chicago At Chicago Loop Dentistry, Dr. Jessica
PAGE https://chicagoloopdentistry.com/contact-us/: Contact Chicago Loop Dentistry | Downtown Chicago, IL Skip to main content facebook instagram ✨ BEAUTY BOOST EVENT – $500 OFF INVISALIGN • 10% OFF BOTOX/TMJ • $99 TEETH WHITENING | LIMITED AVAILABILITY – BOOK NOW Special Offers Financial Options Search Close Search Book Online Menu About Us Why Chicago Chooses Us Our Team Teledentistry Testimonials Dental Anxiety Therapy Dog Patient Resources Frequently Asked Questions Blog Dental Implants All Services General Dentistry Dental Exam & Cleaning Gum Disease Treatment Tooth Extractions Sleep Apnea Treatment Wisdom Teeth Removal Impacted Wisdom Teeth Cosmetic Dentistry Porcelain Veneers Teeth Whitening Zoom Teeth Whitening Bruxism Treatment (Botox) Invisalign Restorative Dentistry Dental Implants Implant Retained Dentures Clear Aligners Dentures Dental Bridges Dental Crowns Dental Fillings (tooth decay) Non Surgical Root Canal Financial Options Insurance Providers Membership TMJ Membership Plan Workers Comp Special Offers Contact Us Contact Us Referrals Book Online Contact Our Chicago Loop Dental Office Contact Us We’re warmly welcoming new patients to our practice and make every effort to schedule emergencies ASAP. Please give us a call or request an appointment online. Book Online NEW PATIENTS WELCOME We warmly welcome new patients to our practice and make every effort to see emergencies on the same or next day. How to reach us Phone: +1 (312) 372-3323 Text: +1 (833) 785-7494 Email: info@chicagoloopdentistry.com Hours: Monday : 8:00am to 6:00pm Tuesday : 8:00am to 6:00pm Wednesday : 8:00am to 6:00pm Thursday : 8:00am to 6:00pm Friday : Closed Saturday : Closed Sunday : Closed Book Online Book Online Email This field is for validation purposes and should be left unchanged. First Name (Required) Last Name (Required) Email (R
PAGE https://chicagoloopdentistry.com/contact-us/: Contact Chicago Loop Dentistry | Downtown Chicago, IL Skip to main content facebook instagram ✨ BEAUTY BOOST EVENT – $500 OFF INVISALIGN • 10% OFF BOTOX/TMJ • $99 TEETH WHITENING | LIMITED AVAILABILITY – BOOK NOW Special Offers Financial Options Search Close Search Book Online Menu About Us Why Chicago Chooses Us Our Team Teledentistry Testimonials Dental Anxiety Therapy Dog Patient Resources Frequently Asked Questions Blog Dental Implants All Services General Dentistry Dental Exam & Cleaning Gum Disease Treatment Tooth Extractions Sleep Apnea Treatment Wisdom Teeth Removal Impacted Wisdom Teeth Cosmetic Dentistry Porcelain Veneers Teeth Whitening Zoom Teeth Whitening Bruxism Treatment (Botox) Invisalign Restorative Dentistry Dental Implants Implant Retained Dentures Clear Aligners Dentures Dental Bridges Dental Crowns Dental Fillings (tooth decay) Non Surgical Root Canal Financial Options Insurance Providers Membership TMJ Membership Plan Workers Comp Special Offers Contact Us Contact Us Referrals Book Online Contact Our Chicago Loop Dental Office Contact Us We’re warmly welcoming new patients to our practice and make every effort to schedule emergencies ASAP. Please give us a call or request an appointment online. Book Online NEW PATIENTS WELCOME We warmly welcome new patients to our practice and make every effort to see emergencies on the same or next day. How to reach us Phone: +1 (312) 372-3323 Text: +1 (833) 785-7494 Email: info@chicagoloopdentistry.com Hours: Monday : 8:00am to 6:00pm Tuesday : 8:00am to 6:00pm Wednesday : 8:00am to 6:00pm Thursday : 8:00am to 6:00pm Friday : Closed Saturday : Closed Sunday : Closed Book Online Book Online Email This field is for validation purposes and should be left unchanged. First Name (Required) Last Name (Required) Email (R
PAGE https://chicagoloopdentistry.com/about-us/: Meet Our Team | Chicago Loop Dentistry Skip to main content facebook instagram ✨ BEAUTY BOOST EVENT – $500 OFF INVISALIGN • 10% OFF BOTOX/TMJ • $99 TEETH WHITENING | LIMITED AVAILABILITY – BOOK NOW Special Offers Financial Options Search Close Search Book Online Menu About Us Why Chicago Chooses Us Our Team Teledentistry Testimonials Dental Anxiety Therapy Dog Patient Resources Frequently Asked Question",LOCAL,0.95,Verified,2026-09-29T19:51:16Z,"Website clearly represents a real operating dental practice at 25 E Washington St Ste 1121, Chicago, IL 60602 (The Loop, adjacent to West Loop). Offers cosmetic dentistry services including porcelain veneers, teeth whitening, Invisalign, and smile design — directly relevant to 'smile enhancement.' Single-location practice with 25+ years history, spa-like environment, and public email info@chicagoloopdentistry.com on the website domain. No evidence of multi-location or national enterprise; fits L"
office@smilechicago.com,"Smile Chicago Cosmetic, General Dentistry",https://smilechicago.com/,Chicago,IL,America/Chicago,Google Places Text Search -> public website,PASS,ChIJO-S6va4sDogRf2xZq7OigL4,https://smilechicago.com/,"PAGE https://smilechicago.com/: Top Cosmetic Dentist In Chicago, IL | Smile Chicago Follow Follow Follow  312-644-4321  office@smilechicago.com  Mon - Thu: 8:00 AM - 5:00 PM | Fri - Sun: Closed Home About About Us Meet Dr. Sheldon Seidman Virtual Tour Services Cosmetic Dentistry General Dentistry Family Dentistry Dental Veneers Clear Aligners Teeth Whitening Dental Implants Dental Emergencies Restorative Dentistry TMJ Treatment Patient Resources Patient Resources Smile Gallery Testimonials Blog Specials Contact Request Appointment Request Appointment Follow Follow Follow  312-644-4321  office@smilechicago.com  Mon - Thu: 8 AM – 5 PM | Fri - Sun: Closed Home About About Us Meet Dr. Sheldon Seidman Virtual Tour Services Cosmetic Dentistry General Dentistry Family Dentistry Dental Veneers Clear Aligners Teeth Whitening Dental Implants Dental Emergencies Restorative Dentistry TMJ Treatment Patient Resources Patient Resources Smile Gallery Testimonials Blog Specials Contact Request Appointment Giving you the smile you deserve! Chicago’s Leader in General & Cosmetic Dentistry At Smile Chicago, we believe your smile is the first step toward confidence and well-being. Whether you’re here for a routine cleaning or a complete smile makeover, our friendly team is dedicated to making your experience relaxing, gentle, and completely customized to your needs.  *By Appointment Only Limited walk-ins available Request Appointment Call 312-644-4321 Giving you the smile you deserve! Chicago’s Leader in General & Cosmetic Dentistry At Smile Chicago, we believe your smile is the first step toward confidence and well-being. Whether you’re here for a routine cleaning or a complete smile makeover, our friendly team is dedicated to making your experience relaxing, gentle, and completely customized to your needs.  *By 
PAGE https://smilechicago.com/contact/: Contact Smile Chicago | Chicago, IL Dentist Follow Follow Follow  312-644-4321  office@smilechicago.com  Mon - Thu: 8:00 AM - 5:00 PM | Fri - Sun: Closed Home About About Us Meet Dr. Sheldon Seidman Virtual Tour Services Cosmetic Dentistry General Dentistry Family Dentistry Dental Veneers Clear Aligners Teeth Whitening Dental Implants Dental Emergencies Restorative Dentistry TMJ Treatment Patient Resources Patient Resources Smile Gallery Testimonials Blog Specials Contact Request Appointment Request Appointment Follow Follow Follow  312-644-4321  office@smilechicago.com  Mon - Thu: 8 AM – 5 PM | Fri - Sun: Closed Home About About Us Meet Dr. Sheldon Seidman Virtual Tour Services Cosmetic Dentistry General Dentistry Family Dentistry Dental Veneers Clear Aligners Teeth Whitening Dental Implants Dental Emergencies Restorative Dentistry TMJ Treatment Patient Resources Patient Resources Smile Gallery Testimonials Blog Specials Contact Request Appointment Happy to Hear From You! Get in Touch with Smile Chicago Whether you have a question, need more information, or are ready to schedule your next visit, our team at Smile Chicago is here to make the process simple and stress-free. Request Appointment Call 312-644-4321 Happy to Hear From You! Get in Touch with Smile Chicago Whether you have a question, need more information, or are ready to schedule your next visit, our team at Smile Chicago is here to make the process simple and stress-free. From your first call to the moment you step into our office, we’re committed to creating a warm, welcoming environment where your comfort and dental health come first. Request Appointment Call 312-376-3508 Get in Touch Have a Question? Please complete our online form, and a member of our team will get back to you as quickly as possibl
PAGE https://smilechicago.com/about/: About Smile Chicago | Trusted Dentist In Chicago, IL Follow Follow Follow  312-644-4321  office@smilechicago.com  Mon - Thu: 8:00 AM - 5:00 PM | Fri - Sun: Closed Home About About Us Meet Dr. Sheldon Seidman Virtual Tour Services Cosmetic Dentistry General Dentistry Family Dentistry Dental Veneers Clear Aligners Teeth Whitening Dental Implants Dental Emergencies Restorative Dentistry TMJ Treatment Patient Resources Patient Resources Smile Gallery Testimonials Blog Specials Contact Request Appointment Request Appointment Follow Follow Follow  312-644-4321  office@smilechicago.com  Mon - Thu: 8 AM – 5 PM | Fri - Sun: Closed Home About About Us Meet Dr. Sheldon Seidman Virtual Tour Services Cosmetic Dentistry General Dentistry Family Dentistry Dental Veneers Clear Aligners Teeth Whitening Dental Implants Dental Emergencies Restorative Dentistry TMJ Treatment Patient Resources Patient Resources Smile Gallery Testimonials Blog Specials Contact Request Appointment Smile Chicago About Us Welcome to Smile Chicago at Magnificent Mile, where Dr. Sheldon Seidman and his dedicated team are committed to delivering exceptional dental care in a comfortable and welcoming environment. Whether you’re here for routine care, advanced procedures, or a complete transformation, our goal is to help you achieve the smile of your dreams. Request Appointment Call 312-644-4321 Smile Chicago About Us Welcome to Smile Chicago at Magnificent Mile, where Dr. Sheldon Seidman and his dedicated team are committed to delivering exceptional dental care in a comfortable and welcoming environment. Whether you’re here for routine care, advanced procedures, or a complete transformation, our goal is to help you achieve the smile of your dreams. Request Appointment Call 312-644-4321 Dr. Sheldon Seidman Dr.",LOCAL,0.9,Verified,2026-09-29T19:52:52Z,"Website clearly represents a real operating dental practice at a single Chicago location (Magnificent Mile/400 N Michigan Ave). Offers cosmetic dentistry services matching 'smile enhancement' query. Public email office@smilechicago.com is on the website domain. Single-location practice with one named dentist (Dr. Sheldon Seidman) indicates local scale, not regional or enterprise."
info@puredentalspa.com,Pure Dental Spa - West Loop,https://puredentalspa.com/,Chicago,IL,America/Chicago,Google Places Text Search -> public website,PASS,ChIJdRXHoNgsDogRhOHQgSPtBpo,https://puredentalspa.com/,"PAGE https://puredentalspa.com/: Chicago Dentist | Pure Dental Spa New Patient Get a limited exam & X-ray for $79 ($385 value). Book now Skip to content New patients About us About us Why Pure Dental Spa Meet Your Doctor Meet Our Team Careers Insurance + payments Insurance + payments Memberships Services Services General dentistry Dental exam & cleaning Emergencies Gum disease treatment Restorative and cosmetic dentistry Fillings & crowns Bridges Veneers Teeth whitening Dentures Orthodontics Invisalign ® aligners Traditional braces Specialty services Extractions Root canals Implants Full mouth reconstruction In Pain? Just $79 Get a comprehensive exam—includes x-ray and a problem-focused evaluation. A $385 value, all for just $79! A complete smile check-up at a fraction of the cost. Book now Locations Locations Bloomingdale Lincoln Park Ukrainian Village West Loop Wicker Park Find a studio New patients About us Why Pure Dental Spa Meet Your Doctor Meet Our Team Careers Insurance + payments Memberships Services General dentistry Dental exam & cleaning Emergencies Gum disease treatment Restorative and cosmetic dentistry Fillings & crowns Bridges Veneers Teeth whitening Dentures Orthodontics Invisalign ® aligners Traditional braces Specialty services Extractions Root canals Implants Full mouth reconstruction Locations Bloomingdale Lincoln Park Ukrainian Village West Loop Wicker Park General dentistry Teeth whitening Invisalign Dental care, reimagined for your comfort We’ve created more than just a trip to the dentist’s office. At Pure Dental Spa, enjoy our calming, spa-like space where comfort always comes first. From online scheduling to our compassionate team, everything we do is designed to put you at ease. Book an appointment More than routine, it’s full service dentistry From everyday checkups to spec
PAGE https://puredentalspa.com/contact-us/: Contact us — Pure Dental Spa New Patient Get a limited exam & X-ray for $79 ($385 value). Book now Skip to content New patients About us About us Why Pure Dental Spa Meet Your Doctor Meet Our Team Careers Insurance + payments Insurance + payments Memberships Services Services General dentistry Dental exam & cleaning Emergencies Gum disease treatment Restorative and cosmetic dentistry Fillings & crowns Bridges Veneers Teeth whitening Dentures Orthodontics Invisalign ® aligners Traditional braces Specialty services Extractions Root canals Implants Full mouth reconstruction In Pain? Just $79 Get a comprehensive exam—includes x-ray and a problem-focused evaluation. A $385 value, all for just $79! A complete smile check-up at a fraction of the cost. Book now Locations Locations Bloomingdale Lincoln Park Ukrainian Village West Loop Wicker Park Find a studio New patients About us Why Pure Dental Spa Meet Your Doctor Meet Our Team Careers Insurance + payments Memberships Services General dentistry Dental exam & cleaning Emergencies Gum disease treatment Restorative and cosmetic dentistry Fillings & crowns Bridges Veneers Teeth whitening Dentures Orthodontics Invisalign ® aligners Traditional braces Specialty services Extractions Root canals Implants Full mouth reconstruction Locations Bloomingdale Lincoln Park Ukrainian Village West Loop Wicker Park We’re here for you Fill out the form below and our team will respond promptly—usually within 24 hours. If it’s an emergency, please visit our Locations page and call the nearest studio immediately. Select a location Bloomingdale West Loop Lincoln Park Ukrainian Village Wicker Park Wicker Park 1755 W North Avenue, Chicago, IL 60622 Phone: (773) 527-2790 Email: infowp@puredentalspa.com Book now West Loop 1222 W Madison St., Ste 300, C",REGIONAL,0.9,Verified,2026-09-29T19:53:57Z,"Website clearly represents a real operating dental practice with multiple Chicago-area locations (West Loop, Lincoln Park, Ukrainian Village, Wicker Park, Bloomingdale), offering smile enhancement services including veneers, teeth whitening, Invisalign, and cosmetic dentistry. Public email info@puredentalspa.com matches website domain. Regional scale evidenced by 5 locations across Chicago metro area."
us@chicagosmiledesign.com,Chicago Smile Design,https://chicagosmiledesign.com/,Chicago,IL,America/Chicago,Google Places Text Search -> public website,PASS,ChIJaY1X_rEsDogRLqH01yPIKD4,https://www.chicagosmiledesign.com/,"PAGE https://www.chicagosmiledesign.com/: Cosmetic Dentists in Chicago | Chicago Smile Design New Patient Special Offer About Meet the Doctors Office Tour Reviews Smile Gallery FAQs Blog Services Prevention Treatments Restoration Cosmetic Technology Videos Patients Your First Visit Patient Forms Financing & Insurance Wellness Plan Membership Special Offers Schedule Online Contact (312) 664-2100 Chicago Smile Design Healthy Smiles Start Here Schedule An Appointment Smile With Confidence at Chicago Smile Design Chicago Smile Design is focused on providing excellent dental care to all patients. Your family’s dental health is important to us, and we want to make sure that every family member is comfortable when visiting our office. Our office utilizes the latest dental procedures and technology to keep your smile healthy and bright, including: Preventative dental care to stop problems before they start. Cosmetic dentistry to give you that bright, beautiful smile you’ve always dreamed of. Dental implants that are completed in-office for the convenience of seeing one dentist from start to finish. Wisdom tooth extractions to prevent complications from wisdom teeth. Invisalign to straighten your smile with clear aligners. Sedation dentistry to keep your visit free from anxiety. Emergency dentistry when pain occurs during the week. Ready to get started? Contact our office today to schedule a consultation with our team. We can’t wait to see you! About Our Practice Cosmetic Dentistry Invisalign Treatment Implants Med Spa Our Dental Team Dr. Peter M. Tomaselli Dr. Bruce Abdullah Dr. Amy Martin Dr. Satyam Patel Dr. Colleen McShane One-Stop Family Dental Care From preventive care & back to school dental exams to dental restorations like Implants & All-on-X, Chicago Smile Design has you covered. For your convenience, we are a
PAGE https://www.chicagosmiledesign.com/contact/: Contact | Chicago Smile Design New Patient Special Offer About Meet the Doctors Office Tour Reviews Smile Gallery FAQs Blog Services Prevention Treatments Restoration Cosmetic Technology Videos Patients Your First Visit Patient Forms Financing & Insurance Wellness Plan Membership Special Offers Schedule Online Contact (312) 664-2100 Contact The team at Chicago Smile Design is excited to welcome you to our dental office. Contact us today with any questions or to schedule your appointment. Schedule An Appointment Contact Us Anytime We encourage you to reach out to our office with any questions or concerns you may have. You can contact our office using the methods below, or send us an email using the contact us form. We look forward to hearing from you soon! Request An Appointment Today! *Please note that requesting an appointment using this form does not guarantee that time. A member of our team will reach out to confirm your appointment. Please do not submit appointment cancellations from this form and instead contact our office by phone Contact Form Phone This field is for validation purposes and should be left unchanged. Your Name (Required) Email (Required) Phone Patient Type (Required) Cosmetic Dentistry General Dentistry Med Spa Invisalign Dental Implants Sleep Dentistry Wisdom Teeth Sedation Dentistry Emergency Dentistry Preferred Date MM slash DD slash YYYY Preferred Time Early Morning Late Morning Early Afternoon Late Afternoon Message Consent (Required) I agree to the privacy policy. Chicago Smile Design does not share your information with any third parties. Please do not submit any Protected Health Information (PHI). Get In Touch  Address: 437 West North Avenue Chicago, IL 60610  Email: us@chicagosmiledesign.com  Phone: (312) 664-2100  Hours Monday: 8:00 A
PAGE https://www.chicagosmiledesign.com/connection-oral-health-flu/: The Connection Between Oral Health and the Flu in Chicago | Chicago Smile Design New Patient Special Offer About Meet the Doctors Office Tour Reviews Smile Gallery FAQs Blog Services Prevention Treatments Restoration Cosmetic Technology Videos Patients Your First Visit Patient Forms Financing & Insurance Wellness Plan Membership Special Offers Schedule Online Contact (312) 664-2100 The Connection Between Oral Health and the Flu While the temperatures continue to drop, the risk for contracting a cold or the flu rises. You can reduce your risk for these illnesses by getting a flu shot, washing hands regularly and staying away from those already sick, but what many people don’t know is that you can reduce your risk even more with […] Schedule An Appointment Home » General » The Connection Between Oral Health and the Flu While the temperatures continue to drop, the risk for contracting a cold or the flu rises. You can reduce your risk for these illnesses by getting a flu shot, washing hands regularly and staying away from those already sick, but what many people don’t know is that you can reduce your risk even more with good oral health practices. When you fail to brush or floss after a meal, food particles remain on the teeth and can get under the gums, allowing bacteria to enter the bloodstream. Your immune system fights the bacteria, but eventually can become tired and have a reduced ability to fight off more serious infections, such as the flu. Your toothbrush is a common place where bacteria can build up. Even if you thoroughly rinse your brush every time you use it, it may still remain contaminated. Follow these tips to keep your toothbrush bacteria-free, your mouth healthy, and your body protected from illness. Replace your toothbrush every 3-4 months, and after bein
PAGE https://www.chicagosmiledesign.com/about/: About | Chicago Smile Design New Patient Special Offer About Meet the Doctors Office Tour Reviews Smile Gallery FAQs Blog Services Prevention Treatments Restoration Cosmetic Technology Videos Patients Your First Visit Patient Forms Financing & Insurance Wellness Plan Membership Special Offers Schedule Online Contact (312) 664-2100 About Chicago Smile Design has been providing dental ca",LOCAL,0.95,Verified,2026-09-29T19:54:16Z,"Website clearly represents a real operating dental practice at 437 W North Ave, Chicago, IL 60610. Offers cosmetic dentistry, Invisalign, implants, and smile enhancement services matching the target query. Public email us@chicagosmiledesign.com is on the website domain. Single-location practice with 5 named doctors, indicating local scale rather than regional/national enterprise."
office@facedentalgroup.com,The Face Dental Group,https://facedentalgroup.com/,Boston,MA,America/New_York,Google Places Text Search -> public website,PASS,ChIJf_IYuAR644kRmvAzinu-ziU,https://facedentalgroup.com/,"PAGE https://facedentalgroup.com/: Boston Implant Dentist & Prosthodontist | Dr. Wael Att 392 Commonwealth Ave, Boston, MA 02215 (617) 236-5969 Book an Appointment Referring Dentists Home About Meet The Dentists Meet Dr. Att Meet Dr. Katib Meet Dr. DeVitre Tour Our Office Before and After Cutting Edge Technology Reviews Collaboration Contributions to Science & Education Dental Implants Ceramic Implants Implant Dentures Full-Arch Implants: STAR Concept All-On-4 Dental Implants Dental Implant Failure & Salvage Cosmetic Dentistry Smile Makeover Veneers Esthetic Rehabilitation Full Mouth Reconstruction Dental Bonding Teeth Whitening Metal-Free Dentistry For Patients Blog Become a Patient Dental Passport Education Contact Request An Appointment Referring Dentists Home About Meet The Dentists Meet Dr. Att Meet Dr. Katib Meet Dr. DeVitre Tour Our Office Before and After Cutting Edge Technology Reviews Collaboration Contributions to Science & Education Dental Implants Ceramic Implants Implant Dentures Full-Arch Implants: STAR Concept All-On-4 Dental Implants Dental Implant Failure & Salvage Cosmetic Dentistry Smile Makeover Veneers Esthetic Rehabilitation Full Mouth Reconstruction Dental Bonding Teeth Whitening Metal-Free Dentistry For Patients Blog Become a Patient Dental Passport Education Contact Request An Appointment Referring Dentists Boston’s Back Bay Dental Implants & Full Mouth Reconstruction Internationally Recognized Prosthodontist Dr. Wael Att Stunning Beautiful Luxurious Featured Interview Mentorship, Digital Workflows & the Future of Prosthodontics Prof. Dr. Wael Att sits down with Dr. Stefan Scholz to discuss the defining mentorship moments that shaped his standards, why digital workflows are about systems — not tools — and what’s next with AI and robotics in dentistry. Featured On Digital Dentist
PAGE https://facedentalgroup.com/contact/: Contact The Face Dental Group | Boston Cosmetic Dentist 392 Commonwealth Ave, Boston, MA 02215 (617) 236-5969 Book an Appointment Referring Dentists Home About Meet The Dentists Meet Dr. Att Meet Dr. Katib Meet Dr. DeVitre Tour Our Office Before and After Cutting Edge Technology Reviews Collaboration Contributions to Science & Education Dental Implants Ceramic Implants Implant Dentures Full-Arch Implants: STAR Concept All-On-4 Dental Implants Dental Implant Failure & Salvage Cosmetic Dentistry Smile Makeover Veneers Esthetic Rehabilitation Full Mouth Reconstruction Dental Bonding Teeth Whitening Metal-Free Dentistry For Patients Blog Become a Patient Dental Passport Education Contact Request An Appointment Referring Dentists Home About Meet The Dentists Meet Dr. Att Meet Dr. Katib Meet Dr. DeVitre Tour Our Office Before and After Cutting Edge Technology Reviews Collaboration Contributions to Science & Education Dental Implants Ceramic Implants Implant Dentures Full-Arch Implants: STAR Concept All-On-4 Dental Implants Dental Implant Failure & Salvage Cosmetic Dentistry Smile Makeover Veneers Esthetic Rehabilitation Full Mouth Reconstruction Dental Bonding Teeth Whitening Metal-Free Dentistry For Patients Blog Become a Patient Dental Passport Education Contact Request An Appointment Referring Dentists Contact Our Dental Office – Boston, MA Get in Touch with Our Team Today The Face Dental Group Prof. Dr. Wael Att Dr. James Katib Dr. Rustam DeVitre 392 Commonwealth Ave Boston, MA 02215 Phone: (617) 236-5969 Email: [email protected] OFFICE HOURS: Monday 8:00 am – 5:00 pm Tuesday 8:00 am – 5:00 pm Wednesday 8:00 am – 5:00 pm Thursday 8:00 am – 5:00 pm Friday 8:00 am – 5:00 pm Contact Call: (617) 236-5969 Email: [email protected] 392 Commonwealth Ave, Boston, MA 02215 Office H
PAGE https://facedentalgroup.com/contact/: Contact The Face Dental Group | Boston Cosmetic Dentist 392 Commonwealth Ave, Boston, MA 02215 (617) 236-5969 Book an Appointment Referring Dentists Home About Meet The Dentists Meet Dr. Att Meet Dr. Katib Meet Dr. DeVitre Tour Our Office Before and After Cutting Edge Technology Reviews Collaboration Contributions to Science & Education Dental Implants Ceramic Implants Implant Dentures Full-Arch Implants: STAR Concept All-On-4 Dental Implants Dental Implant Failure & Salvage Cosmetic Dentistry Smile Makeover Veneers Esthetic Rehabilitation Full Mouth Reconstruction Dental Bonding Teeth Whitening Metal-Free Dentistry For Patients Blog Become a Patient Dental Passport Education Contact Request An Appointment Referring Dentists Home About Meet The Dentists Meet Dr. Att Meet Dr. Katib Meet Dr. DeVitre Tour Our Office Before and After Cutting Edge Technology Reviews Collaboration Contributions to Science & Education Dental Implants Ceramic Implants Implant Dentures Full-Arch Implants: STAR Concept All-On-4 Dental Implants Dental Implant Failure & Salvage Cosmetic Dentistry Smile Makeover Veneers Esthetic Rehabilitation Full Mouth Reconstruction Dental Bonding Teeth Whitening Metal-Free Dentistry For Patients Blog Become a Patient Dental Passport Education Contact Request An Appointment Referring Dentists Contact Our Dental Office – Boston, MA Get in Touch with Our Team Today The Face Dental Group Prof. Dr. Wael Att Dr. James Katib Dr. Rustam DeVitre 392 Commonwealth Ave Boston, MA 02215 Phone: (617) 236-5969 Email: [email protected] OFFICE HOURS: Monday 8:00 am – 5:00 pm Tuesday 8:00 am – 5:00 pm Wednesday 8:00 am – 5:00 pm Thursday 8:00 am – 5:00 pm Friday 8:00 am – 5:00 pm Contact Call: (617) 236-5969 Email: [email protected] 392 Commonwealth Ave, Boston, MA 02215 Office H
PAGE https://facedentalgroup.com/about/: The Face Dental Group Boston | Advanced Cosmetic Dentistry 392 Commonwealth Ave, Boston, MA 02215 (617) 236-5969 Book an Appointment Referring Dentists Home About Meet The Dentists Meet Dr. Att Meet Dr. Katib Meet Dr. DeVitre Tour Our Office Before and After Cutting Edge Technology Reviews Collaboration Contributions to Science & Education Dental Implants Ceramic Implants Implant Dentures Full-Arch Implants: STAR Concept All-On-4 D",LOCAL,0.95,Verified,2026-09-29T19:54:58Z,"Website clearly shows a single-location cosmetic dentistry practice at 392 Commonwealth Ave, Boston MA with three named dentists, specific services matching the query, and a public business email (office@facedentalgroup.com) on the website domain. No evidence of multi-location or enterprise scale."
info@smilewell.com,Beacon Place Dental Group,https://smilewell.com/,Brookline,MA,America/New_York,Google Places Text Search -> public website,PASS,ChIJ3-UiW75544kRIJeC8fNHGMQ,https://www.smilewell.com/,"PAGE https://www.smilewell.com/: Brookline Dentists -Beacon Place Dental Group - Brookline, Boston MA Beacon Place Dental Group 1371 Beacon St, Ste 101 Brookline, MA 02446 (617) 738-0700 About The Practice Smile Gallery Book Appointment Home About The Practice Our Services Smile Gallery Contact Us Book Appointment Back About The Practice Meet The Doctors Smile Well Method Press Releases Newsletters Awards Forms Finance Options Back Cosmetic Dentistry Invisalign® Digital Smile Design Sports Dentistry Porcelain Veneers Cost of Porcelain Veneers Dental Implants Teeth Whitening Smile Makeover Porcelain Crowns Dental Bridge Oral Cancer Screening Virtual Smile Preview “Yes, you can” smile more With Veneers Learn More For Porcelain Veneers Everyone Should Have The Option To ""SmileWell"" Beacon Place Dental Group is dedicated to helping you build confidence in your smile. Learn More For SmileWell RANKED ONE OF THE BEST COSMETIC DENTISTS IN BOSTON Digital technology and smile design for beautiful, natural-looking smiles. Learn More For Cosmetic Dentistry Great people and great experience. I recommend it to all because it’s not just great service but quality service as well and professionals that really make you feel comfortable. Thanks so much Beacon… more patient reviews Marcelys Carrascal Recommended Amazing! Very nice and talented staff! Jack Rautiola ★★★★★ I have had a lot of dental care and feel Beacon Dental has provided me with the best service and quality work! Lisa Solar ★★★★★ I had a great experience. Everyone is so friendly and they really care about their patients. Christina is amazing 👏 such an asset to the practice!!! She is so thorough and gentle. Thanks for a great… more patient reviews Artemis Meletlidis ★★★★★ Went there for cleaning and check up. Top notch facility and service Nikos Patikas ★★★",LOCAL,0.95,Verified,2026-09-29T19:55:09Z,"Website clearly represents a real operating cosmetic dentistry practice at the candidate address in Brookline/Boston area. Public email domain matches website domain (smilewell.com). Single-location practice with local focus, not a national enterprise."
dr.spitz@smileboston.com,Smileboston Cosmetic and Implant Dentistry,https://smileboston.com/,Brookline,MA,America/New_York,Google Places Text Search -> public website,PASS,ChIJs1m1mOx544kRaFc0D1zRjno,https://www.smileboston.com/contact-us/,"PAGE https://www.smileboston.com/: Smileboston Cosmetic & Implant Dentistry | Boston, Brookline Cosmetic Dentist Skip to main content Check Out Our Guide to Dental Implants Menu Click to call our office Learn more about Referring Doctors Learn more about Patient Registration Call us! Multiple Office Phone Button Home Get Started Why Choose Smileboston Schedule an Appointment Virtual Consult Request New Patients: Prepare For Your First Visit Patient Registration Financing Your Care Trusted Partners Patient Education Patient Education About Us Steven D. Spitz, DMD Russell H. Taylor, DMD, MSc, BSc Miguel Roque, DMD The Team Office Tour Giving Back In The News Patient Testimonials Watch Video Testimonials Read Written Reviews Leave a Review Before & After Photos Dr. Spitz’s Smile Gallery Dr. Taylor’s Smile Gallery CareCredit Newsletter Archive Cosmetic & General Dentistry Smile Makeover Teeth Whitening Botox Gum Disease Dentures Dental Crowns & Bridges Bite Correction & Mouthguards Dental Implants Why See a Prosthodontist Overview of Implant Placement Implant Retained Dentures Dental Implant FAQs Patient’s Guide to Dental Implants Advanced Dentistry Full Mouth Rehabilitation Pinhole Surgical Technique™ Laser Dentistry Occlusion (Bite Correction) PRP Orthodontics Invisalign® Clear Braces LightForce® Custom 3D Printed Braces Sedation Dentistry Advanced Technology Digital Impressions VELscope Oral Cancer Screen Endodontics Root Canal Myths About Root Canals Contact Us Contact Information Doctor Referral Form Careers Student Co-Op Program Blog You've been told it's fine. You know it isn't. The appointments. The workups. The plans. And still no real answer. Not because you didn't try. Because no one stopped long enough to listen to you. Dr. Spitz starts there. He will look at what came before. He won't hand you a
PAGE https://www.smileboston.com/contact-us/: Contact Us | 1180 Beacon Street, Suite 2B Brookline MA 02446 Skip to main content Check Out Our Guide to Dental Implants Menu Click to call our office Learn more about Referring Doctors Learn more about Patient Registration Call us! Multiple Office Phone Button Home Get Started Why Choose Smileboston Schedule an Appointment Virtual Consult Request New Patients: Prepare For Your First Visit Patient Registration Financing Your Care Trusted Partners Patient Education Patient Education About Us Steven D. Spitz, DMD Russell H. Taylor, DMD, MSc, BSc Miguel Roque, DMD The Team Office Tour Giving Back In The News Patient Testimonials Watch Video Testimonials Read Written Reviews Leave a Review Before & After Photos Dr. Spitz’s Smile Gallery Dr. Taylor’s Smile Gallery CareCredit Newsletter Archive Cosmetic & General Dentistry Smile Makeover Teeth Whitening Botox Gum Disease Dentures Dental Crowns & Bridges Bite Correction & Mouthguards Dental Implants Why See a Prosthodontist Overview of Implant Placement Implant Retained Dentures Dental Implant FAQs Patient’s Guide to Dental Implants Advanced Dentistry Full Mouth Rehabilitation Pinhole Surgical Technique™ Laser Dentistry Occlusion (Bite Correction) PRP Orthodontics Invisalign® Clear Braces LightForce® Custom 3D Printed Braces Sedation Dentistry Advanced Technology Digital Impressions VELscope Oral Cancer Screen Endodontics Root Canal Myths About Root Canals Contact Us Contact Information Doctor Referral Form Careers Student Co-Op Program Blog Smileboston Cosmetic & Implant Dentistry Steven D. Spitz, DMD opened Smileboston Cosmetic & Implant Dentistry in 1997 with the vision that patients could have all their dental needs provided in one office. Today, we are an industry leader excelling in patient comfort, dental technology, an
PAGE https://www.smileboston.com/contact-us/: Contact Us | 1180 Beacon Street, Suite 2B Brookline MA 02446 Skip to main content Check Out Our Guide to Dental Implants Menu Click to call our office Learn more about Referring Doctors Learn more about Patient Registration Call us! Multiple Office Phone Button Home Get Started Why Choose Smileboston Schedule an Appointment Virtual Consult Request New Patients: Prepare For Your First Visit Patient Registration Financing Your Care Trusted Partners Patient Education Patient Education About Us Steven D. Spitz, DMD Russell H. Taylor, DMD, MSc, BSc Miguel Roque, DMD The Team Office Tour Giving Back In The News Patient Testimonials Watch Video Testimonials Read Written Reviews Leave a Review Before & After Photos Dr. Spitz’s Smile Gallery Dr. Taylor’s Smile Gallery CareCredit Newsletter Archive Cosmetic & General Dentistry Smile Makeover Teeth Whitening Botox Gum Disease Dentures Dental Crowns & Bridges Bite Correction & Mouthguards Dental Implants Why See a Prosthodontist Overview of Implant Placement Implant Retained Dentures Dental Implant FAQs Patient’s Guide to Dental Implants Advanced Dentistry Full Mouth Rehabilitation Pinhole Surgical Technique™ Laser Dentistry Occlusion (Bite Correction) PRP Orthodontics Invisalign® Clear Braces LightForce® Custom 3D Printed Braces Sedation Dentistry Advanced Technology Digital Impressions VELscope Oral Cancer Screen Endodontics Root Canal Myths About Root Canals Contact Us Contact Information Doctor Referral Form Careers Student Co-Op Program Blog Smileboston Cosmetic & Implant Dentistry Steven D. Spitz, DMD opened Smileboston Cosmetic & Implant Dentistry in 1997 with the vision that patients could have all their dental needs provided in one office. Today, we are an industry leader excelling in patient comfort, dental technology, an
PAGE https://www.smileboston.com/about-us/: Best Dentist Brookline | Smileboston Cosmetic & Implant Dentistry Skip to main content Check Out Our Guide to Dental Implants Menu Click to call our office Learn more about Referring Doctors Learn more about Patient Registration Call us! Multiple Office Phone Button Home Get Started Why Choose Smileboston Schedule an Appointment Virtual Consult Request New Patients: Prepare For Your First Visit Patient Registration Financi",LOCAL,0.95,Verified,2026-09-29T19:55:19Z,"Website clearly represents a real operating cosmetic dentistry practice in Brookline, MA (Boston area). Founded in 1997, single location at 1180 Beacon St Suite 2B. Public email dr.spitz@smileboston.com uses the website domain. Three dentists listed, appears to be a local/regional practice rather than national enterprise."
info@dentalestheticsboston.com,Dental Esthetics Boston | Hirayama & Papaspyridakos,https://dentalestheticsboston.com/,Boston,MA,America/New_York,Google Places Text Search -> public website,PASS,ChIJI_6Ujg5644kR_S5mO_vn1s0,https://www.dentalestheticsboston.com/contact-us,"PAGE https://www.dentalestheticsboston.com/: Dental Esthetics Boston | Hirayama & Papaspyridakos | Boston Dentist top of page Dentist in Boston, MA BOOK ONLINE MENU Exceptional Dentistry For All Ages WATCH VIDEO BOOK APPOINTMENT NOW! Experience Excellence The Best Dentists in Boston Teeth Whitening At Dental Esthetics Boston, your trusted dentist in Boston, we provide advanced teeth whitening services designed to brighten your smile and boost your confidence. Whether you're preparing for a big event or simply want to enhance your look, our cosmetic dentistry solutions in Boston deliver radiant, lasting results. See Teeth Whitening Details Dental Implants Experience the expertise of Dr. Panos Papaspyridakos, a globally recognized implant lecturer and leading Boston dentist. At Dental Esthetics Boston, we specialize in advanced dental implant care with results that redefine what’s possible in modern dentistry. Explore Implant Options Family Dentistry At Dental Esthetics Boston, our experienced dentist in Boston provides compassionate comprehensive and family dental care for patients of all ages. We deliver personalized treatments to ensure every member of your family receives expert, attentive care. View Our Family Dental Care Advanced Technology At our office, our Boston dentists utilize state-of-the-art technology to deliver dental care with unmatched accuracy, speed, and quality. Our advanced equipment ensures every treatment is precise, efficient, and held to the highest standards. See Our Advanced Technology Cosmetic Dentistry At Dental Esthetics Boston, our dentists in Boston include highly trained prosthodontists who specialize in full mouth rehabilitation, going beyond the scope of general dentistry. We’re known for our expertise in cosmetic treatments like veneers and conservative techniques that restore yo
PAGE https://www.dentalestheticsboston.com/contact-us: Contact | Dental Esthetics top of page Dentist in Boston, MA BOOK ONLINE MENU Contact (617) 536-3054 Get in touch First Name Last Name Email Phone Message Reason for visit Returning Patient New Patient Submit Come Visit Us 745 Boylston St. Suite 403 Boston, MA 02116 info@dentalestheticsboston.com 617-536-3054 Hours Monday Closed Tuesday - Thursday 8:00am - 5:00pm Friday Closed BOSTON, MA (617) 536-3054 745 Boylston St #403, Boston, MA 02116 Dental Implants, Esthetic Dentistry, Exceptional Dentistry, Best Dentist Boston Privacy Policy Terms & Conditions © 2025 by Dental Esthetics Boston Powered by SEO Dentist bottom of page",LOCAL,0.95,Verified,2026-09-29T19:55:50Z,"Website clearly represents a real operating cosmetic dentistry practice in Boston with specific address, phone, and domain email. Single-location practice with specialized prosthodontists indicates local scale."
info@bostoncosmeticdentistma.com,Dental Arts of Boston,http://bostoncosmeticdentistma.com/,Boston,MA,America/New_York,Google Places Text Search -> public website,PASS,ChIJNdpQS3V644kRe0z0iN1j_0s,https://bostoncosmeticdentistma.com/,"PAGE https://bostoncosmeticdentistma.com/: Dentist in Boston MA | Dental Arts of Boston No Insurance? No Problem! Join Our Membership Club Previous Next Contact us Blog 26 Marlborough St Boston, MA 02116 Our Hours Monday: 9:00AM - 6:00PM Tuesday: 9:00AM - 6:00PM Wednesday: 9:00AM - 6:00PM Thursday: 9:00AM - 6:00PM Friday: 9:00AM - 3:00PM Saturday: Closed Sunday: Closed Call Today 857-376-6559 Home About Us Meet the Doctors George Stevens, DMD Michelle Stevens, DMD Athena Papas, DMD, PhD, FACD Why Choose Us Tour the Office Call Today 857-376-6559 Schedule Online Our Services General Dentistry Dental Cleanings and Exams Gum Disease Treatment Family Dentistry Dental Care for All Ages Relieving Dental Anxiety Cosmetic Dentistry Cosmetic Crowns Facial Injectables Enameloplasty Dental Bonding Porcelain Veneers Orthodontics Invisalign Clear Aligners Restorative Dentistry Dental Fillings Dental Crowns Dental Bridges Dental Crowns and Bridges Dentures Partial Dentures Overdentures Full Dentures Dental Implants Placing & Restoring All-on-X Full-Mouth Reconstruction Perio & Sedation Root Canal Therapy Periodontal Surgery TMJ Treatment Sleep Apnea Dental Emergencies Patient Testimonials Smile Gallery Patient Resources Payment Options Call Today 857-376-6559 Schedule Online Call Today 857-376-6559 Schedule Online ★ 4.9 Stars | 200+ Google Reviews Boston’s Premier Cosmetic & Family Dentist in Back Bay Serving Back Bay, Beacon Hill, South End, and surrounding Boston neighborhoods. From teeth whitening to dental implants — expert care for every smile. Request Appointment Call 857-376-6559 40+ Years Experience 4.9★ Average Rating 200+ 5-Star Reviews 3 Expert Doctors Bonding Veneers Bridge Crowns Implants After Before ↔ Dental Bonding Chips, cracks & gaps repaired with tooth-colored composite resin — often completed in a single v
PAGE http://bostoncosmeticdentistma.com/contact-us/: Contact Us | Dental Arts of Boston No Insurance? No Problem! Join Our Membership Club Previous Next Contact us Blog 26 Marlborough St Boston, MA 02116 Our Hours Monday: 9:00AM - 6:00PM Tuesday: 9:00AM - 6:00PM Wednesday: 9:00AM - 6:00PM Thursday: 9:00AM - 6:00PM Friday: 9:00AM - 3:00PM Saturday: Closed Sunday: Closed Call Today 857-376-6559 Home About Us Meet the Doctors George Stevens, DMD Michelle Stevens, DMD Athena Papas, DMD, PhD, FACD Why Choose Us Tour the Office Call Today 857-376-6559 Schedule Online Our Services General Dentistry Dental Cleanings and Exams Gum Disease Treatment Family Dentistry Dental Care for All Ages Relieving Dental Anxiety Cosmetic Dentistry Cosmetic Crowns Facial Injectables Enameloplasty Dental Bonding Porcelain Veneers Orthodontics Invisalign Clear Aligners Restorative Dentistry Dental Fillings Dental Crowns Dental Bridges Dental Crowns and Bridges Dentures Partial Dentures Overdentures Full Dentures Dental Implants Placing & Restoring All-on-X Full-Mouth Reconstruction Perio & Sedation Root Canal Therapy Periodontal Surgery TMJ Treatment Sleep Apnea Dental Emergencies Patient Testimonials Smile Gallery Patient Resources Payment Options Call Today 857-376-6559 Schedule Online Call Today 857-376-6559 Schedule Online Home > Contact Us Contact We Can’t Wait to Serve You! To request an appointment, consultation, or for general inquiries, please fill out the form below. Are you new to our practice? (Required) Yes No First Name (Required) Last Name (Required) Phone Email (Required) How can we help you? (Required) How can we help you?* Schedule Appointment Cancel Appointment Billing Question Service Question Insurance Question Other Consent By checking this box I consent to receiving SMS text messages from the office. Any such SMS opt-in is vo
PAGE http://bostoncosmeticdentistma.com/contact-us/: Contact Us | Dental Arts of Boston No Insurance? No Problem! Join Our Membership Club Previous Next Contact us Blog 26 Marlborough St Boston, MA 02116 Our Hours Monday: 9:00AM - 6:00PM Tuesday: 9:00AM - 6:00PM Wednesday: 9:00AM - 6:00PM Thursday: 9:00AM - 6:00PM Friday: 9:00AM - 3:00PM Saturday: Closed Sunday: Closed Call Today 857-376-6559 Home About Us Meet the Doctors George Stevens, DMD Michelle Stevens, DMD Athena Papas, DMD, PhD, FACD Why Choose Us Tour the Office Call Today 857-376-6559 Schedule Online Our Services General Dentistry Dental Cleanings and Exams Gum Disease Treatment Family Dentistry Dental Care for All Ages Relieving Dental Anxiety Cosmetic Dentistry Cosmetic Crowns Facial Injectables Enameloplasty Dental Bonding Porcelain Veneers Orthodontics Invisalign Clear Aligners Restorative Dentistry Dental Fillings Dental Crowns Dental Bridges Dental Crowns and Bridges Dentures Partial Dentures Overdentures Full Dentures Dental Implants Placing & Restoring All-on-X Full-Mouth Reconstruction Perio & Sedation Root Canal Therapy Periodontal Surgery TMJ Treatment Sleep Apnea Dental Emergencies Patient Testimonials Smile Gallery Patient Resources Payment Options Call Today 857-376-6559 Schedule Online Call Today 857-376-6559 Schedule Online Home > Contact Us Contact We Can’t Wait to Serve You! To request an appointment, consultation, or for general inquiries, please fill out the form below. Are you new to our practice? (Required) Yes No First Name (Required) Last Name (Required) Phone Email (Required) How can we help you? (Required) How can we help you?* Schedule Appointment Cancel Appointment Billing Question Service Question Insurance Question Other Consent By checking this box I consent to receiving SMS text messages from the office. Any such SMS opt-in is vo
PAGE http://bostoncosmeticdentistma.com/about-us/: About Dental Arts of Boston | Boston, MA No Insurance? No Problem! Join Our Membership Club Previous Next Contact us Blog 26 Marlborough St Boston, MA 02116 Our Hours Monday: 9:00AM - 6:00PM Tuesday: 9:00AM - 6:00PM Wednesday: 9:00AM - 6:00PM Thursday: 9:00AM - 6:00PM Friday: 9:00AM - 3:00PM Saturday: Closed Sunday: Closed Call Today 857-376-6559 Home About Us Meet the Doctors George Stevens, D",LOCAL,0.95,Verified,2026-09-29T19:56:45Z,"Website clearly represents a real operating cosmetic dentistry practice at 26 Marlborough St, Boston MA. Shows 3 named dentists, 75+ years at this location, serves specific Boston neighborhoods (Back Bay, Beacon Hill, South End). Public email info@bostoncosmeticdentistma.com matches website domain. Single-location practice with local focus indicates LOCAL scale."
staff@bostonprosthodontics.com,Boston Prosthodontics Dental Group,https://bostonprosthodontics.com/,Boston,MA,America/New_York,Google Places Text Search -> public website,PASS,ChIJx1sFhZpw44kRg6LZ4ZP7qbA,https://www.bostonprosthodontics.com/,"PAGE https://www.bostonprosthodontics.com/: Dentist Near Me | Boston Dentist | Best Dentist | Prosthodontist | Dentist 02114 | Cosmetic Dentist Skip to Main Content 50 Staniford St 5th Fl, Boston, MA 02114 (617) 523-5451 Schedule a Phone Call Request an Appointment Home About Us What Sets Us Apart Meet the Dentists Meet Dr. Kenneth Malament Meet Dr. Mariam Malament Meet Dr. Alissa Mariano Meet Dr. Hans-Peter Weber Meet Dr. Scott Lightfoot Meet the Team News & Media Tour Our Office Smile Gallery Research Articles Dental Technology Blog Our Services Routine Care Cosmetic Dentistry Veneers Smile Makeover Teeth Whitening Direct Bonding Invisalign Clear Aligners Restorative Dentistry Full Mouth Reconstruction Dental Crowns Concierge Care for Emergencies Tooth Extractions Missing Teeth Dental Bridges All-on-4/All-on-X Dental Implants Implant Dentures Dental Implant Failure and Salvage Partial & Complete Dentures For Patients Your First Visit Patient Forms Insurance & Financing FAQs Reviews Written Reviews Video Testimonials Contact Office Info Request an Appointment Refer a Patient Watch Welcome Video Dentist Boston Globally Recognized, Evidence-Based Dentistry Our team of renowned, board-certified prosthodontists in Boston has built a legacy around our work, with hundreds of significant publications and countless hours of clinical research developing techniques and treatments that offer superior longevity and quality. In short, we use our experience and expertise to provide everything from dental implants to veneers ! Providing Superior Results and an Elevated Level of Personal Care Specialists Who are Leaders in Their Field In-House Laboratory Led By Master Ceramist Clinical Research Guiding Dentistry Worldwide 45+ Years in the Same Convenient Location Specialists Who Are Leaders in Their Field When you need a dentis
PAGE https://www.bostonprosthodontics.com/: Dentist Near Me | Boston Dentist | Best Dentist | Prosthodontist | Dentist 02114 | Cosmetic Dentist Skip to Main Content 50 Staniford St 5th Fl, Boston, MA 02114 (617) 523-5451 Schedule a Phone Call Request an Appointment Home About Us What Sets Us Apart Meet the Dentists Meet Dr. Kenneth Malament Meet Dr. Mariam Malament Meet Dr. Alissa Mariano Meet Dr. Hans-Peter Weber Meet Dr. Scott Lightfoot Meet the Team News & Media Tour Our Office Smile Gallery Research Articles Dental Technology Blog Our Services Routine Care Cosmetic Dentistry Veneers Smile Makeover Teeth Whitening Direct Bonding Invisalign Clear Aligners Restorative Dentistry Full Mouth Reconstruction Dental Crowns Concierge Care for Emergencies Tooth Extractions Missing Teeth Dental Bridges All-on-4/All-on-X Dental Implants Implant Dentures Dental Implant Failure and Salvage Partial & Complete Dentures For Patients Your First Visit Patient Forms Insurance & Financing FAQs Reviews Written Reviews Video Testimonials Contact Office Info Request an Appointment Refer a Patient Watch Welcome Video Dentist Boston Globally Recognized, Evidence-Based Dentistry Our team of renowned, board-certified prosthodontists in Boston has built a legacy around our work, with hundreds of significant publications and countless hours of clinical research developing techniques and treatments that offer superior longevity and quality. In short, we use our experience and expertise to provide everything from dental implants to veneers ! Providing Superior Results and an Elevated Level of Personal Care Specialists Who are Leaders in Their Field In-House Laboratory Led By Master Ceramist Clinical Research Guiding Dentistry Worldwide 45+ Years in the Same Convenient Location Specialists Who Are Leaders in Their Field When you need a dentis
PAGE https://www.bostonprosthodontics.com/contact.html: Contact Boston Prosthodontics Dental Group | (617) 523-5451 | 50 Staniford ST 5th Fl Boston, MA 02114 Skip to Main Content 50 Staniford St 5th Fl, Boston, MA 02114 (617) 523-5451 Schedule a Phone Call Request an Appointment Home About Us What Sets Us Apart Meet the Dentists Meet Dr. Kenneth Malament Meet Dr. Mariam Malament Meet Dr. Alissa Mariano Meet Dr. Hans-Peter Weber Meet Dr. Scott Lightfoot Meet the Team News & Media Tour Our Office Smile Gallery Research Articles Dental Technology Blog Our Services Routine Care Cosmetic Dentistry Veneers Smile Makeover Teeth Whitening Direct Bonding Invisalign Clear Aligners Restorative Dentistry Full Mouth Reconstruction Dental Crowns Concierge Care for Emergencies Tooth Extractions Missing Teeth Dental Bridges All-on-4/All-on-X Dental Implants Implant Dentures Dental Implant Failure and Salvage Partial & Complete Dentures For Patients Your First Visit Patient Forms Insurance & Financing FAQs Reviews Written Reviews Video Testimonials Contact Office Info Request an Appointment Refer a Patient Contact Our Dental Office – Boston, MA Boston’s Finest Prosthodontists Are Here to Serve You Dr. Kenneth Malament and our team of board-certified specialists at Boston Prosthodontics Dental Group are here and ready to deliver state-of-the-art care to those who desire a change in their aesthetics and oral health. Offering in-house services and solutions that are only available in a few dental offices throughout the world, we encourage you to call our Boston dental office to schedule an appointment and prepare for a one-of-a-kind dental experience. Boston Prosthodontics Dental Group Dr. Kenneth Malament Dr. Mariam Margvelashvilli-Malament Dr. Alissa Mariano Dr. Hans-Peter Weber Dr. Scott Lightfoot 50 Staniford ST 5 th Fl Boston, MA 02114 Pho
PAGE https://www.bostonprosthodontics.com/: Dentist Near Me | Boston Dentist | Best Dentist | Prosthodontist | Dentist 02114 | Cosmetic Dentist Skip to Main Content 50 Staniford St 5th Fl, Boston, MA 02114 (617) 523-5451 Schedule a Phone Call Request an Appointment Home About Us What Sets Us Apart Meet the Dentists Meet Dr. Kenneth Malament Meet Dr. Mariam Malament Meet Dr. Alissa Mariano Meet Dr. Hans-Peter Weber Meet Dr. Scott Lightfoot Meet the T",LOCAL,0.95,Verified,2026-09-29T19:57:03Z,"Website clearly represents a real operating cosmetic dentistry/prosthodontics practice at the given Boston address. Shows board-certified specialists, in-house lab, 45+ years at same location, and lists cosmetic dentistry services (veneers, smile makeover, whitening, Invisalign). Public email domain matches website domain. Single-location practice indicates LOCAL scale."
dtx@bostondental.com,Boston Dental,https://bostondental.com/,Boston,MA,America/New_York,Google Places Text Search -> public website,PASS,ChIJCyGqA_9x44kRA-L7GHeJibk,https://www.bostondental.com/,"PAGE https://www.bostondental.com/: Dental Care That Feels Like Self-Care | Boston Dental LOCATIONS AND BOOKING WE'RE HERE TO HELP Reach out to our dedicated staff at any of the following Boston locations who will be happy to assist you with booking your next appointment. We can't wait to make you smile. DOWNTOWN CROSSING (617) 338-5000 SEAPORT DISTRICT (617) 706-5000 GOVERNMENT CENTER (617) 402-5000 Home About Dental Aesthetics Dubai Careers Contact Virtual Consult Book Dentistry is Art Boston Dental is Redefining Dentistry We believe a visit to the dentist is more than an errand or something to check off your to-do list – rather, it’s a beautiful act of self-care. From the modern details of our design-forward centers and cutting-edge technologies for treatment, to the unparalleled and patient-centric approach of our hand-selected providers, we are elevating dental care to an art form. Together, let’s upgrade your oral health and make your next visit something you look forward to. Experience the new standard of dentistry today at Boston Dental. Dentistry Aesthetics Our Services DENTAL CARE IS SELF-CARE Preventative What you most readily think of visiting the dentist for: routine cleanings, x-rays, fluoride treatments and night guard fittings. Orthodontics Specialized treatments focused on correcting dental irregularities, including braces and Invisalign. Aesthetics Classic and cutting-edge cosmetic services to boost your confidence: teeth whitening, veneers, Invisalign and more. Oral Surgery Well beyond simple wisdom tooth extractions, we offer bone grafting, implants, in-house 3D imaging and more. Consult Book Now Better Together Our Doctors Our doctors are defined by their strong credentials, extensive experience, and patient-centric approach. Each individual brings a level of mastery in his or her res
PAGE https://www.bostondental.com/contact/: Contact Boston Dental | Get in Touch LOCATIONS AND BOOKING WE'RE HERE TO HELP Reach out to our dedicated staff at any of the following Boston locations who will be happy to assist you with booking your next appointment. We can't wait to make you smile. DOWNTOWN CROSSING (617) 338-5000 SEAPORT DISTRICT (617) 706-5000 GOVERNMENT CENTER (617) 402-5000 Home About Dental Aesthetics Dubai Careers Contact Virtual Consult Book CONTACT US WE CAN'T WAIT TO MEET YOU – and make you smile. Send us a note with your questions or consultation requests and a member of our team will be back in touch shortly. LinkedIn This field is for validation purposes and should be left unchanged. Name (Required) Email (Required) Phone (Required) Select Location (Required) Select Location Downtown Crossing Government Center Seaport District Dubai (coming soon) Message CAPTCHA Submit Δ Our Locations Come Smile With Us Downtown Crossing 36 Chauncey Street, Boston, MA 02111 Government Center 35 Court Street, Boston, MA 02108 Seaport District 22 Boston Wharf Road, Boston, MA 02210 Virtual Consult Book Now Dentistry is Art SUBSCRIBE always be informed in the latest & greatest. URL This field is for validation purposes and should be left unchanged. Email (Required) CAPTCHA Δ Navigate Home FlossTime About Virtual Consult Dental Book Online Aesthetics Patient Forms Careers Payment + Policies Contact BD Insider Blog Locations BD Membership Press Connect Seaport District 617 706 5000 seaport@bostondental.com Downtown Crossing 617 338 5000 dtx@bostondental.com Government Center 617 402 5000 govcenter@bostondental.com Dubai 050 40 500 40 dubai@bostondental.com SOCIALIZE Copyright 2026 Boston Dental. All rights reserved. TELL US YOUR STORY. DIVINE DENTISTRY: A PRIVATE STANDARD OF CARE, RESERVED FOR THE EXCEPTIONAL
PAGE https://www.bostondental.com/about/: About Us | Where Dentistry Meets Self-Care | Boston Dental LOCATIONS AND BOOKING WE'RE HERE TO HELP Reach out to our dedicated staff at any of the following Boston locations who will be happy to assist you with booking your next appointment. We can't wait to make you smile. DOWNTOWN CROSSING (617) 338-5000 SEAPORT DISTRICT (617) 706-5000 GOVERNMENT CENTER (617) 402-5000 Home About Dental Aesthetics Dubai Careers Contact Virtual Consult Book NEXT GEN DENTAL CARE THE MODERN ART OF DENTISTRY MEET OUR TEAM Our Experience BOSTON DENTAL IS REDEFINING THE DENTAL EXPERIENCE BY SETTING A NEW STANDARD OF PATIENT CARE THROUGH COLLABORATIVE TREATMENT, UNMATCHED EXPERTISE, AND ARTFUL EXECUTION. We provide the highest quality, comprehensive dental and aesthetic services – preventative, restorative, and cosmetic dentistry for adults and children alike. You should look forward to visiting the dentist the same way that you look forward to getting a facial or massage – an experience centered around you. So what elevates our dental work to the level of art? It’s in our attention to detail, understanding the nuances of your smile — the shapes and angles formed by the edges of your teeth, the perfect shade of white for your skin tone. In reimagining the patient experience, we’ve redesigned the traditional dental office that tends to feel clinical or sterile. Our centers are warm, modern spaces that reflect the premium quality of our services and create a relaxing environment for your visit. For any treatment, patients feel confident in the hands of our curated team of experts, each doctor bringing thoughtful expertise to provide unparalleled dental care. PROUD TO BE FEATURED IN TECHNOLOGY AN ENDLESS EVOLUTION Too often technology is viewed as a replacement for human connection, for the sake",REGIONAL,0.85,Verified,2026-09-29T19:57:27Z,"Website shows a multi-location dental group with three Boston-area offices (Downtown Crossing, Government Center, Seaport District) and a Dubai location listed as 'coming soon.' Services include cosmetic dentistry (veneers, whitening, Invisalign) matching the target query. Public email dtx@bostondental.com is on the website domain and listed for the Downtown Crossing location. The business appears to be a regional operator rather than a national enterprise."
contact@smiledesignboston.com,Smile Design Boston,https://smiledesignboston.com/,Boston,MA,America/New_York,Google Places Text Search -> public website,PASS,ChIJNRzsAodw44kRDuwybIEPu2w,https://www.smiledesignboston.com/,"PAGE https://www.smiledesignboston.com/: Smile Design Boston | Expert Dental Care Downtown Thanks for making us the Best of Boston for 8 straight years! Best of Boston for 8 straight years! Home Dental Services Dental Specialists Care Team Office Tour Request an Appointment More Links Explore Our Services Dental Care Comprehensive dental solutions for your needs Cosmetic Dentistry Transform your smile with our expert services Oral Health Tips for maintaining a healthy mouth Patient Resources Forms and information for our patients Additional Information FAQs Answers to common dental questions Testimonials What our patients say about us Blog Posts Latest insights and dental tips Appointment Info Schedule your visit with us today Latest Articles Healthy Smiles Tips for a brighter, healthier smile Dental Innovations Discover the latest in dental technology Oral Hygiene Best practices for daily care Contact Us Get in touch with our office From Our Blog Dental Tips Essential advice for your dental care Read more See all articles (617) 314-6399 Expert Dental Care in Downtown Boston. Get the highest-quality treatment you deserve from Boston’s top dentists, with modern technology, personalized care, and a convenient downtown location. TO SCHEDULE, CALL OR USE OUR FORM: CALL TO SCHEDULE: (617) 314-6399 OR, USE OUR FORM: Request an Appointment Button Text Button Text Button Text Button Text Button Text Button Text Button Text Button Text We Design Beautiful Smiles Exceptional Dental Care for You and Your Family At Smile Design Boston, we offer personalized dental care to all of our patients in a modern and comfortable environment. Our highly trained dental specialists utilize cutting-edge technology to provide an unparalleled experience, catering to services ranging from routine dental cleaning to advanced dental treatme",LOCAL,0.9,Verified,2026-09-29T19:57:34Z,"Website clearly represents a real operating dental practice at the given Boston address, offers cosmetic dentistry services, and uses a public business email on the website domain (contact@smiledesignboston.com). The practice appears to be a single-location local business in downtown Boston."
info@acedentalboston.com,Ace Dental Boston,https://acedentalboston.com/,Boston,MA,America/New_York,Google Places Text Search -> public website,PASS,ChIJPVVoP41-44kRi5D7gMqd6yE,https://acedentalboston.com/,"PAGE https://acedentalboston.com/: Dentist in Boston, MA - Ace Dental Boston Skip to Content $180 New Patient Special! Call The Location Nearest You! (617) 361-5020 [email protected] Call Us Hyde Park (617) 361-5020 West Roxbury (617) 327-5700 Emergency? Schedule Online – West Roxbury About New Dental Patient Resources Patient Reviews FAQs Smile Gallery Doctors Dr. Shawn Kim Dr. Daniel Jun Dr. Danny Chang Dr. Jinjoo Lee Services Financial Ace Dental Boston Savers Membership Plan External Payment Plans Office Fees Blog Locations Hyde Park Office West Roxbury Office Menu Preventative Care Emergency Dentistry Fillings and Sealants Mouthguards and Night Guards Pediatric Dentistry Periodontal Disease Treatment Regular Dental Checkup Sleep Apnea Treatment Restorative Dentistry Dental Crowns and Bridges Dentures Root Canal Treatment Tooth Extractions Wisdom Teeth Removal Cosmetic Dentistry Dental Veneers Invisalign® Teeth Whitening Specialty Services Dental Implants Dental Veneers Emergency Dentistry Invisalign® Root Canal Treatment All Services Your Top Dentist in Boston, MA Two Convenient Dental Office Locations - Hyde Park and West Roxbury Meet Our Doctors $180 New Patient Special! Welcome to Ace Dental Boston! New patients can take advantage of our $180 new patient special that includes a comprehensive exam , dental X-rays , and cleaning for just $180—normally $561! Please use the link below to access new patient information and forms. New Dental Patient Resources Emergency Dental Care in Boston Get prompt and reliable emergency dental care at both our Hyde Park and West Roxbury locations. Whether you’re dealing with a toothache, broken tooth, or dental injury, our team is here to help you get relief fast. Call us right away to schedule or visit our emergency page for FAQs and at-home tips in the meantime. 
PAGE https://acedentalboston.com/locations/: Ace Dental Boston - Dental Practice in Boston, MA - Two Locations Skip to Content $180 New Patient Special! Call The Location Nearest You! (617) 361-5020 [email protected] Call Us Hyde Park (617) 361-5020 West Roxbury (617) 327-5700 Emergency? Schedule Online – West Roxbury About New Dental Patient Resources Patient Reviews FAQs Smile Gallery Doctors Dr. Shawn Kim Dr. Daniel Jun Dr. Danny Chang Dr. Jinjoo Lee Services Financial Ace Dental Boston Savers Membership Plan External Payment Plans Office Fees Blog Locations Hyde Park Office West Roxbury Office Menu Preventative Care Emergency Dentistry Fillings and Sealants Mouthguards and Night Guards Pediatric Dentistry Periodontal Disease Treatment Regular Dental Checkup Sleep Apnea Treatment Restorative Dentistry Dental Crowns and Bridges Dentures Root Canal Treatment Tooth Extractions Wisdom Teeth Removal Cosmetic Dentistry Dental Veneers Invisalign® Teeth Whitening Specialty Services Dental Implants Dental Veneers Emergency Dentistry Invisalign® Root Canal Treatment All Services Locations View Location Ace Dental Boston in Hyde Park 1138 River St. Boston, MA 02136 View Map Hours Monday–Friday: 9:00 am–6:00 pm Saturday: 9:00 am–2:00 pm (every other week) Sunday: closed Phone (617) 361-5020 Make An Appointment View Location Ace Dental Boston in West Roxbury 1840 Centre St. Boston, MA 02132 View Map Hours Monday–Thursday: 9:00 am–6:00 pm Friday: 9:00 am–2:00 pm (every other week) Saturday: 9:00 am–2:00 pm (every other week) Sunday: closed Phone (617) 327-5700 New Patient Resources If you are a patient of Ace Dental Boston in Hyde Park or West Roxbury, MA, use the link below to view our new patient resources and learn what to expect before your first appointment. View New Patient Resources Excellent Service! From the front d
PAGE https://acedentalboston.com/about/: About Ace Dental Boston - Dentist Office in Boston, MA Skip to Content $180 New Patient Special! Call The Location Nearest You! (617) 361-5020 [email protected] Call Us Hyde Park (617) 361-5020 West Roxbury (617) 327-5700 Emergency? Schedule Online – West Roxbury About New Dental Patient Resources Patient Reviews FAQs Smile Gallery Doctors Dr. Shawn Kim Dr. Daniel Jun Dr. Danny Chang Dr. Jinjoo Lee Services Financial Ace Dental Boston Savers Membership Plan External Payment Plans Office Fees Blog Locations Hyde Park Office West Roxbury Office Menu Preventative Care Emergency Dentistry Fillings and Sealants Mouthguards and Night Guards Pediatric Dentistry Periodontal Disease Treatment Regular Dental Checkup Sleep Apnea Treatment Restorative Dentistry Dental Crowns and Bridges Dentures Root Canal Treatment Tooth Extractions Wisdom Teeth Removal Cosmetic Dentistry Dental Veneers Invisalign® Teeth Whitening Specialty Services Dental Implants Dental Veneers Emergency Dentistry Invisalign® Root Canal Treatment All Services Ace Dental Boston: Top-Rated Dentist in Boston, MA Dental Comfort and Care You won't find anywhere else Welcome to Ace Dental Boston – Locations in Roxbury and Hyde Park You’ll probably think I’m kidding when I say you’re going to want to come back for your appointments, but once you get to know us and we get to know you, it’s kind of like you’re avoiding family if you miss a visit. You can always count on both myself and my caring team to dependably do what’s right for you and your smile. Trust that we will make dentistry personal, understandable, and affordable for you and your family. You’re closer than you think to a healthy, confident smile. Call Ace Dental Boston: Hyde Park Call Ace Dental Boston: West Roxbury Schedule Online - West Roxbury Meet Our D",LOCAL,0.95,Verified,2026-09-29T19:58:02Z,"Website clearly represents a real operating dental practice with two Boston locations (Hyde Park and West Roxbury), offers cosmetic dentistry services including veneers, Invisalign, and teeth whitening, and uses a public business email (info@acedentalboston.com) on its own domain. The practice appears local/regional with specific neighborhood addresses and phone numbers, not a national enterprise."
appointments@dentalpartnersofboston.com,Dental Partners of Boston,http://dentalpartnersofboston.com/,Boston,MA,America/New_York,Google Places Text Search -> public website,PASS,ChIJlQwTsw9644kRg0JUQ1nZKfE,https://www.dentalpartnersofboston.com/,"PAGE https://www.dentalpartnersofboston.com/: Dental Partners of Boston: Dentist Boston MA - Dentist Near Me Skip to content Dental Partners of Boston X Charles River (617) 523-4555 Prudential Center (617) 259-1100 Fort Point (617) 802-6888 About Us Reviews Our Team Services Cosmetic Dentistry Complete Smile Makeover Dental Veneers Invisalign Teeth Whitening Gum Bleaching Cosmetic Injectables Tooth-Colored Fillings Porcelain Dental Crowns Dental Bonding General Dentistry Dental Bridges Dental Crowns Dentures Full Mouth Reconstruction Partial Crowns Dental Fillings Tooth Extraction Cracked or Chipped Tooth Dental Implants Single Tooth Implant Same Day Dental Implants Peri-Implantitis Treatment Sinus Lift Bone Grafts Cost of Dental Implants How Dental Implants Work Preventive Dentistry Dental Cleanings and Oral Hygiene Oral Exams Dental X-Rays Oral Cancer Screening Specialty Dental Care Pinhole Surgical Technique Receding Gums Treatment Wisdom Teeth Extraction Root Canals (Endodontics) Sedation Dentistry TMJ Treatment Prosthodontics CONGRATULATIONS TO OUR DENTISTS All our dentists have been listed as a Top Dentist in Boston Magazine every year since 2017! Periodontal Care Gum Disease Treatment Periodontal Treatment Bleeding Gums Treatment LANAP Laser Gum Treatment LANAP: Are You a Candidate? Oral Surgery Gum Grafting Receding Gums Treatment Pocket Reduction Surgery Appliance Therapy Adult Orthodontics Invisalign Night Guards Snore Guards Custom Sports Guards TMJ Appliances Additional Information Dental Savings Plan Home Dental Care Education FAQ Emergency Dental Care Post-Operative Care Locations Fort Point in Seaport 46 Farnsworth Street Boston, MA 02210 Charles River 50 Staniford Street #303 Boston, MA 02114 Prudential Center 800 Boylston Street, 2Nd Floor Boston, MA 02199 The Best Extremely friendly and helpful, g
PAGE https://www.dentalpartnersofboston.com/contact/: Contact Us | Dental Partners of Boston | Cosmetic Dentistry Skip to content Dental Partners of Boston X Charles River (617) 523-4555 Prudential Center (617) 259-1100 Fort Point (617) 802-6888 About Us Reviews Our Team Services Cosmetic Dentistry Complete Smile Makeover Dental Veneers Invisalign Teeth Whitening Gum Bleaching Cosmetic Injectables Tooth-Colored Fillings Porcelain Dental Crowns Dental Bonding General Dentistry Dental Bridges Dental Crowns Dentures Full Mouth Reconstruction Partial Crowns Dental Fillings Tooth Extraction Cracked or Chipped Tooth Dental Implants Single Tooth Implant Same Day Dental Implants Peri-Implantitis Treatment Sinus Lift Bone Grafts Cost of Dental Implants How Dental Implants Work Preventive Dentistry Dental Cleanings and Oral Hygiene Oral Exams Dental X-Rays Oral Cancer Screening Specialty Dental Care Pinhole Surgical Technique Receding Gums Treatment Wisdom Teeth Extraction Root Canals (Endodontics) Sedation Dentistry TMJ Treatment Prosthodontics CONGRATULATIONS TO OUR DENTISTS All our dentists have been listed as a Top Dentist in Boston Magazine every year since 2017! Periodontal Care Gum Disease Treatment Periodontal Treatment Bleeding Gums Treatment LANAP Laser Gum Treatment LANAP: Are You a Candidate? Oral Surgery Gum Grafting Receding Gums Treatment Pocket Reduction Surgery Appliance Therapy Adult Orthodontics Invisalign Night Guards Snore Guards Custom Sports Guards TMJ Appliances Additional Information Dental Savings Plan Home Dental Care Education FAQ Emergency Dental Care Post-Operative Care Locations Fort Point in Seaport 46 Farnsworth Street Boston, MA 02210 Charles River 50 Staniford Street #303 Boston, MA 02114 Prudential Center 800 Boylston Street, 2Nd Floor Boston, MA 02199 The Best Extremely friendly and helpful, grea
PAGE https://www.dentalpartnersofboston.com/contact/: Contact Us | Dental Partners of Boston | Cosmetic Dentistry Skip to content Dental Partners of Boston X Charles River (617) 523-4555 Prudential Center (617) 259-1100 Fort Point (617) 802-6888 About Us Reviews Our Team Services Cosmetic Dentistry Complete Smile Makeover Dental Veneers Invisalign Teeth Whitening Gum Bleaching Cosmetic Injectables Tooth-Colored Fillings Porcelain Dental Crowns Dental Bonding General Dentistry Dental Bridges Dental Crowns Dentures Full Mouth Reconstruction Partial Crowns Dental Fillings Tooth Extraction Cracked or Chipped Tooth Dental Implants Single Tooth Implant Same Day Dental Implants Peri-Implantitis Treatment Sinus Lift Bone Grafts Cost of Dental Implants How Dental Implants Work Preventive Dentistry Dental Cleanings and Oral Hygiene Oral Exams Dental X-Rays Oral Cancer Screening Specialty Dental Care Pinhole Surgical Technique Receding Gums Treatment Wisdom Teeth Extraction Root Canals (Endodontics) Sedation Dentistry TMJ Treatment Prosthodontics CONGRATULATIONS TO OUR DENTISTS All our dentists have been listed as a Top Dentist in Boston Magazine every year since 2017! Periodontal Care Gum Disease Treatment Periodontal Treatment Bleeding Gums Treatment LANAP Laser Gum Treatment LANAP: Are You a Candidate? Oral Surgery Gum Grafting Receding Gums Treatment Pocket Reduction Surgery Appliance Therapy Adult Orthodontics Invisalign Night Guards Snore Guards Custom Sports Guards TMJ Appliances Additional Information Dental Savings Plan Home Dental Care Education FAQ Emergency Dental Care Post-Operative Care Locations Fort Point in Seaport 46 Farnsworth Street Boston, MA 02210 Charles River 50 Staniford Street #303 Boston, MA 02114 Prudential Center 800 Boylston Street, 2Nd Floor Boston, MA 02199 The Best Extremely friendly and helpful, grea
PAGE https://www.dentalpartnersofboston.com/about/: About Us - Boston Dentist | Dental Partners of Boston Skip to content Dental Partners of Boston X Charles River (617) 523-4555 Prudential Center (617) 259-1100 Fort Point (617) 802-6888 About Us Reviews Our Team Services Cosmetic Dentistry Complete Smile Makeover Dental Veneers Invisalign Teeth Whitening Gum Bleaching Cosmetic Injectables Tooth-Colored Fillings Porcelain Dental Crowns Den",REGIONAL,0.9,Verified,2026-09-29T19:59:29Z,"Website clearly shows a real operating cosmetic dentistry group with three Boston-area locations (Prudential Center, Charles River, Fort Point), matching the target query. Public email domain matches website domain. Multiple locations in metro Boston indicate regional scale rather than single-location local or national enterprise."
info@hqdontics.com,HQ Dontics Dental Centre,https://hqdontics.com/,Miami,FL,America/New_York,Google Places Text Search -> public website,PASS,ChIJ0XSP4IO22YgRhKT-1BNj3Z0,https://www.hqdontics.com/,"PAGE https://www.hqdontics.com/: HQ Dontics - Top Dentists in Brickell, Miami Hours & Contact Brickell Find Us! (229) 508-0551 Book Now Key Biscayne Find Us! (229) 508-0551 Book Now Select Language English Japanese Spanish facebook instagram youtube yelp google Main Menu Menu Smile Gallery Services Prosthodontics Restorative All-on-X Dental Implants Dental Bridges Dental Crowns Dental Implants Dentures Full Mouth Reconstruction Full Arch Dental Implants Cosmetic Botox Treatment Smile Design Teeth Whitening Veneers Invisalign Conditions Bad Breath Periodontal Disease Treatment Sleep Apnea Teeth Grinding TMD Treatment Gingivitis Tooth Infection Oral Surgery Pocket Reduction Surgery Regenerative Dental Procedures Root Canal Dental Health Dental Care for Women Dental Hygiene Dental Maintenance Care at Home Scaling Root Planing Dental Digital Scanning Nutrition Counseling Vizilite Cancer Screening Dental Checkups Dental Cleanings GLP-1 Medication & Oral Health General & Systemic Health Emergency Dentistry Endodontics La Endodoncia Age Management About Us Meet the Team Dentists Hygienists Support Staff Testimonials Office Tour FAQs Blog Dental Services Resource For New Patients Patient Info Locations Miami, FL Key Biscayne, FL Insurance & Financing Special Offers Request an Appointment Search FREE Second Opinion $434 New Patient Special Top Rated Dentist in Brickell, FL When you visit HQ Dontics in Brickell Miami, your smile and comfort are our top priority. Our ultimate goal is to make you happy with your smile and your overall oral health. Our entire cosmetic dental team is dedicated to providing you with the personalized, gentle care that you deserve. Dr. Quintero is a prosthodontist — the dental specialty focused on restoring and replacing teeth. We offer financing options to make dentistry affordable fo
PAGE https://www.hqdontics.com/contact-us: Contact Us Hours & Contact Brickell Find Us! (229) 508-0551 Book Now Key Biscayne Find Us! (229) 508-0551 Book Now Select Language English Japanese Spanish facebook instagram youtube yelp google Main Menu Menu Smile Gallery Services Prosthodontics Restorative All-on-X Dental Implants Dental Bridges Dental Crowns Dental Implants Dentures Full Mouth Reconstruction Full Arch Dental Implants Cosmetic Botox Treatment Smile Design Teeth Whitening Veneers Invisalign Conditions Bad Breath Periodontal Disease Treatment Sleep Apnea Teeth Grinding TMD Treatment Gingivitis Tooth Infection Oral Surgery Pocket Reduction Surgery Regenerative Dental Procedures Root Canal Dental Health Dental Care for Women Dental Hygiene Dental Maintenance Care at Home Scaling Root Planing Dental Digital Scanning Nutrition Counseling Vizilite Cancer Screening Dental Checkups Dental Cleanings GLP-1 Medication & Oral Health General & Systemic Health Emergency Dentistry Endodontics La Endodoncia Age Management About Us Meet the Team Dentists Hygienists Support Staff Testimonials Office Tour FAQs Blog Dental Services Resource For New Patients Patient Info Locations Miami, FL Key Biscayne, FL Insurance & Financing Special Offers Request an Appointment Search Contact Us We're excited to meet you and help you with your dental needs. Miami Location Contact Information 1060 Brickell Avenue #103/M2 Miami, FL 33131 (229) 508-0551 [email protected] Office Hours Monday - Friday: 9:00am - 5:00pm Saturday & Sunday: Closed Key Biscayne Location Contact Information 260 Crandon Blvd #31 Key Biscayne, FL 33149 (229) 508-0551 [email protected] Office Hours Monday - Thursday: 10:00am - 3:00pm Friday, Saturday & Sunday: Closed Please use this form to contact HQ Dontics with general information or requests. Please do not use
PAGE https://www.hqdontics.com/about: About Us | HQ Dontics Hours & Contact Brickell Find Us! (229) 508-0551 Book Now Key Biscayne Find Us! (229) 508-0551 Book Now Select Language English Japanese Spanish facebook instagram youtube yelp google Main Menu Menu Smile Gallery Services Prosthodontics Restorative All-on-X Dental Implants Dental Bridges Dental Crowns Dental Implants Dentures Full Mouth Reconstruction Full Arch Dental Implants Cosmetic Botox Treatment Smile Design Teeth Whitening Veneers Invisalign Conditions Bad Breath Periodontal Disease Treatment Sleep Apnea Teeth Grinding TMD Treatment Gingivitis Tooth Infection Oral Surgery Pocket Reduction Surgery Regenerative Dental Procedures Root Canal Dental Health Dental Care for Women Dental Hygiene Dental Maintenance Care at Home Scaling Root Planing Dental Digital Scanning Nutrition Counseling Vizilite Cancer Screening Dental Checkups Dental Cleanings GLP-1 Medication & Oral Health General & Systemic Health Emergency Dentistry Endodontics La Endodoncia Age Management About Us Meet the Team Dentists Hygienists Support Staff Testimonials Office Tour FAQs Blog Dental Services Resource For New Patients Patient Info Locations Miami, FL Key Biscayne, FL Insurance & Financing Special Offers Request an Appointment Search About Us Top Dentists in Brickell Are you looking for a Dentist in Brickell Miami that can offer total oral care plus specialty services such as teeth whitening, cosmetic dentistry, veneers, dental implants, and more? When you visit HQ Dontics in Brickell Miami , your smile and comfort are our top priority. Our ultimate goal is to make you happy with your smile and your overall oral health. Our state-of-the-art facilities in the heart of Brickell in Miami is easily accessible, and we offer complimentary valet parking for our customers. Our en
PAGE https://www.hqdontics.com/about: About Us | HQ Dontics Hours & Contact Brickell Find Us! (229) 508-0551 Book Now Key Biscayne Find Us! (229) 508-0551 Book Now Select Language English Japanese Spanish facebook instagram youtube yelp google Main Menu Menu Smile Gallery Services Prosthodontics Restorative All-on-X Dental Implants Dental Bridges Dental Crowns Dental Implants Dentures Full Mouth Reconstruction Full Arch Dental Implants Cosmetic Botox Treatment Smile Design Teeth",LOCAL,0.95,Verified,2026-09-29T19:59:41Z,"Website clearly represents a real operating cosmetic dental practice with two locations in Brickell Miami and Key Biscayne. Offers cosmetic services including veneers, teeth whitening, smile design, Invisalign, and Botox treatment. Public email info@hqdontics.com matches website domain. Appears to be a local/regional practice rather than national enterprise."
info@dentalworldmiami.com,Dental World of Miami,http://dentalworldmiami.com/,Miami,FL,America/New_York,Google Places Text Search -> public website,PASS,ChIJwRlwO4W22YgRnDvPty3p8qg,http://dentalworldmiami.com/contact/,"PAGE http://dentalworldmiami.com/: Specializing in cleanings, fillings, whitenings, bonding, veneers, crowns root canals, teeth extractions, and implants in Miami 305-505-4100 Infinity Brickell 40 SW 13 ST. STE. 801 #YOURsmileMeanstheWorldtoUs About Us Dental World of Miami Meet the Doctor Services Services Overview Everyday Dentistry Cosmetic Services Specialties Be in the Bright Galleries Before & After FAQ’s FAQ’s Common Dental Conditions Blog Contact Us 305-505-4100 Infinity Brickell 40 SW 13 ST. STE. 801 About Us Dental World of Miami Meet the Doctor Services Services Overview Everyday Dentistry Cosmetic Services Specialties Be in the Bright Galleries Before & After FAQ’s FAQ’s Common Dental Conditions Blog Contact Us Leading-Edge MAKING YOUR SMILE BEAUTIFUL Right in the Heart of Miami's Iconic Brickell Dentistry We are thrilled to open our doors at Infinity at Brickell. LEARN MORE INSPIRED BY THE MULTI-CULTURAL URBAN PLAYGROUND OF DOWNTOWN MIAMI BRICKELL NOW Welcoming old and new patients, our newly designed and improved location incorporates a more spacious, modern, and comfortable facility . Our goal is to provide top-quality dental treatment tailored to each patient’s individual needs. With a vast cultural awareness and experience in treating patients from all over the world, the practice offers comprehensive and emergency dental care. We combine multi-faceted treatments with a wide array of payment options. We are committed to treating more than just your teeth and providing you with a healthy beautiful smile. Your smile really means the world to us! SEE OUR COSMETIC SERVICES SEE MEMBERSHIP DETAILS BOOK YOUR APPOINTMENT DR. NORBERT CAMACHO A general dentist in South Florida & founding owner of Dental World Miami in Brickell, Dr. Norbert Camacho graduated from the University of Florida College o
PAGE http://dentalworldmiami.com/contact/: Contact Us | Dental World 305-505-4100 Infinity Brickell 40 SW 13 ST. STE. 801 #YOURsmileMeanstheWorldtoUs About Us Dental World of Miami Meet the Doctor Services Services Overview Everyday Dentistry Cosmetic Services Specialties Be in the Bright Galleries Before & After FAQ’s FAQ’s Common Dental Conditions Blog Contact Us 305-505-4100 Infinity Brickell 40 SW 13 ST. STE. 801 About Us Dental World of Miami Meet the Doctor Services Services Overview Everyday Dentistry Cosmetic Services Specialties Be in the Bright Galleries Before & After FAQ’s FAQ’s Common Dental Conditions Blog Contact Us CONTACT US Join Dental World Miami By Phone Call us today for any question or concerns, or to book your appointment at 305-505-4100. 305-505-4100 By Email send us a personalized email with any specific questions you may have or to set up a meeting with the doctor: info@dentalworldmiami.com info@dentalworldmiami.com In Person Visit us at our NEW office, walk-ins are always welcomed. Infinity at Brickell – 40 SW 13 ST. STE. 801. Miami, FL 33131. Valet & street parking is available! Google Map DROP US A LINE Your Name (required) Your Email (required) Subject Your Message TOP Load More... Follow on Instagram NEW ADDRESS - Infinity at Brickell 40 SW 13 ST. STE 801. Miami, FL 33130. – Flexible hours available including late nights and Saturdays! Parking is available – Contact us today for details! FAQ’s Contact Us About Dental World of Miami © Copyright 2018 DENTAL WORLD MIAMI All rights reserved.",LOCAL,0.95,Verified,2026-09-29T20:02:43Z,"Website clearly represents a single-location cosmetic dental practice in Brickell, Miami (40 SW 13th St #801). Services include cosmetic dentistry (veneers, whitening, bonding, implants). Public email info@dentalworldmiami.com matches website domain. No evidence of multi-location or enterprise scale."
info@ultrasmilemiami.com,Ultra Smile Miami,http://ultrasmilemiami.com/,Miami,FL,America/New_York,Google Places Text Search -> public website,PASS,ChIJzfnoM5y22YgR1GGcGrWwfH8,https://ultrasmilemiami.com/,"PAGE https://ultrasmilemiami.com/: Home - Ultra Smile DentalSpa Skip to content Book an Appointment- Downtown Book an Appointment- Midtown Call Now Email Us Our Doctors Services Injectables & Fillers Cosmetic Dentistry Night Guards Veneers Invisible Braces Implants and Bone Grafts General Dentistry Composite Fillings Crowns & Bridges Dental Cleaning Partials and Dentures Root Canals Wisdom Teeth Extraction Teeth Whitening Patient Info Post-procedure What You Can Expect Office Financial & Insurance Policy Hipaa Locations Downtown Miami Midtown Miami Blog Promos Contact Our Doctors Services Injectables & Fillers Cosmetic Dentistry Night Guards Veneers Invisible Braces Implants and Bone Grafts General Dentistry Composite Fillings Crowns & Bridges Dental Cleaning Partials and Dentures Root Canals Wisdom Teeth Extraction Teeth Whitening Patient Info Post-procedure What You Can Expect Office Financial & Insurance Policy Hipaa Locations Downtown Miami Midtown Miami Blog Promos Contact Title Our Doctors Services Injectables & Fillers Cosmetic Dentistry Night Guards Veneers Invisible Braces Implants and Bone Grafts General Dentistry Composite Fillings Crowns & Bridges Dental Cleaning Partials and Dentures Root Canals Wisdom Teeth Extraction Teeth Whitening Patient Info Post-procedure What You Can Expect Office Financial & Insurance Policy Hipaa Locations Downtown Miami Midtown Miami Blog Promos Contact Our Doctors Services Injectables & Fillers Cosmetic Dentistry Night Guards Veneers Invisible Braces Implants and Bone Grafts General Dentistry Composite Fillings Crowns & Bridges Dental Cleaning Partials and Dentures Root Canals Wisdom Teeth Extraction Teeth Whitening Patient Info Post-procedure What You Can Expect Office Financial & Insurance Policy Hipaa Locations Downtown Miami Midtown Miami Blog Promos Contact 
PAGE http://ultrasmilemiami.com/contact/: Contact - Ultra Smile DentalSpa Skip to content Book an Appointment- Downtown Book an Appointment- Midtown Call Now Email Us Our Doctors Services Injectables & Fillers Cosmetic Dentistry Night Guards Veneers Invisible Braces Implants and Bone Grafts General Dentistry Composite Fillings Crowns & Bridges Dental Cleaning Partials and Dentures Root Canals Wisdom Teeth Extraction Teeth Whitening Patient Info Post-procedure What You Can Expect Office Financial & Insurance Policy Hipaa Locations Downtown Miami Midtown Miami Blog Promos Contact Our Doctors Services Injectables & Fillers Cosmetic Dentistry Night Guards Veneers Invisible Braces Implants and Bone Grafts General Dentistry Composite Fillings Crowns & Bridges Dental Cleaning Partials and Dentures Root Canals Wisdom Teeth Extraction Teeth Whitening Patient Info Post-procedure What You Can Expect Office Financial & Insurance Policy Hipaa Locations Downtown Miami Midtown Miami Blog Promos Contact Title Our Doctors Services Injectables & Fillers Cosmetic Dentistry Night Guards Veneers Invisible Braces Implants and Bone Grafts General Dentistry Composite Fillings Crowns & Bridges Dental Cleaning Partials and Dentures Root Canals Wisdom Teeth Extraction Teeth Whitening Patient Info Post-procedure What You Can Expect Office Financial & Insurance Policy Hipaa Locations Downtown Miami Midtown Miami Blog Promos Contact Our Doctors Services Injectables & Fillers Cosmetic Dentistry Night Guards Veneers Invisible Braces Implants and Bone Grafts General Dentistry Composite Fillings Crowns & Bridges Dental Cleaning Partials and Dentures Root Canals Wisdom Teeth Extraction Teeth Whitening Patient Info Post-procedure What You Can Expect Office Financial & Insurance Policy Hipaa Locations Downtown Miami Midtown Miami Blog Promos Conta
PAGE http://ultrasmilemiami.com/about/: About - Ultra Smile DentalSpa Skip to content Book an Appointment- Downtown Book an Appointment- Midtown Call Now Email Us Our Doctors Services Injectables & Fillers Cosmetic Dentistry Night Guards Veneers Invisible Braces Implants and Bone Grafts General Dentistry Composite Fillings Crowns & Bridges Dental Cleaning Partials and Dentures Root Canals Wisdom Teeth Extraction Teeth Whitening Patient Info Post-procedure What You Can Expect Office Financial & Insurance Policy Hipaa Locations Downtown Miami Midtown Miami Blog Promos Contact Our Doctors Services Injectables & Fillers Cosmetic Dentistry Night Guards Veneers Invisible Braces Implants and Bone Grafts General Dentistry Composite Fillings Crowns & Bridges Dental Cleaning Partials and Dentures Root Canals Wisdom Teeth Extraction Teeth Whitening Patient Info Post-procedure What You Can Expect Office Financial & Insurance Policy Hipaa Locations Downtown Miami Midtown Miami Blog Promos Contact Title Our Doctors Services Injectables & Fillers Cosmetic Dentistry Night Guards Veneers Invisible Braces Implants and Bone Grafts General Dentistry Composite Fillings Crowns & Bridges Dental Cleaning Partials and Dentures Root Canals Wisdom Teeth Extraction Teeth Whitening Patient Info Post-procedure What You Can Expect Office Financial & Insurance Policy Hipaa Locations Downtown Miami Midtown Miami Blog Promos Contact Our Doctors Services Injectables & Fillers Cosmetic Dentistry Night Guards Veneers Invisible Braces Implants and Bone Grafts General Dentistry Composite Fillings Crowns & Bridges Dental Cleaning Partials and Dentures Root Canals Wisdom Teeth Extraction Teeth Whitening Patient Info Post-procedure What You Can Expect Office Financial & Insurance Policy Hipaa Locations Downtown Miami Midtown Miami Blog Promos Contact",REGIONAL,0.85,Verified,2026-09-29T20:03:12Z,"Website clearly represents a real operating cosmetic dental practice with two Miami locations (Downtown and Midtown), offering cosmetic dentistry services including veneers, invisible braces, implants, and teeth whitening. The public email info@ultrasmilemiami.com matches the website domain. Two locations in Miami metro area indicate regional scale rather than single-location local or national enterprise."
office@miamidental.net,All Smiles Dentistry Miami,https://miamidental.net/,Miami,FL,America/New_York,Google Places Text Search -> public website,PASS,ChIJkdeQKFDA2YgRpaDPJCQgHEQ,https://miamidental.net/,"PAGE https://miamidental.net/: Dentist in Miami FL 33131 | Miami Dentist | Cosmetic & Emergency Skip to content Dentist in Miami | Miami Dentist HABLAMOS ESPAÑOL! – ACCEPTING DENTAL EMERGENCIES & WALK-INS. CALL NOW! We Validate Parking 150 SE 2nd Ave STE 604, Miami, FL 33131 BOOK ONLINE 305-371-6064 Book Online Home About Us Meet Dr. Bianca Gonzalez Meet the Team Services General Dentistry Dental Check-Up Tooth Fillings Tooth Extraction Nightguards Mouthguards Types of Teeth Cleaning Cosmetic Dentistry Smile Makeover Dental Crowns Teeth Whitening Porcelain Veneers Dentures Tooth Bonding Invisalign Emergency Dentistry Dental Technology Digital X-Rays Laser Dentistry Intraoral Camera Dental Implants All On X Single Tooth Implants Full Mouth Implants Botox Botox for TMJ Botox Aesthetics Oral Surgery Wisdom Teeth Surgery Bone Grafting PRF Treatment Reviews Patient Info Payments & Insurance Specials New Patients Smille Galery Contact Us Home About Us Meet Dr. Bianca Gonzalez Meet the Team Services General Dentistry Dental Check-Up Tooth Fillings Tooth Extraction Nightguards Mouthguards Types of Teeth Cleaning Cosmetic Dentistry Smile Makeover Dental Crowns Teeth Whitening Porcelain Veneers Dentures Tooth Bonding Invisalign Emergency Dentistry Dental Technology Digital X-Rays Laser Dentistry Intraoral Camera Dental Implants All On X Single Tooth Implants Full Mouth Implants Botox Botox for TMJ Botox Aesthetics Oral Surgery Wisdom Teeth Surgery Bone Grafting PRF Treatment Reviews Patient Info Payments & Insurance Specials New Patients Smille Galery Contact Us Home About Us Meet Dr. Bianca Gonzalez Meet the Team Services General Dentistry Dental Check-Up Tooth Fillings Tooth Extraction Nightguards Mouthguards Types of Teeth Cleaning Cosmetic Dentistry Smile Makeover Dental Crowns Teeth Whitening Porcelain Ve
PAGE https://miamidental.net/contact/: Dentist Near Me - Contact Us | Dentist in Downtown Miami FL Skip to content Dentist in Miami | Miami Dentist HABLAMOS ESPAÑOL! – ACCEPTING DENTAL EMERGENCIES & WALK-INS. CALL NOW! We Validate Parking 150 SE 2nd Ave STE 604, Miami, FL 33131 BOOK ONLINE 305-371-6064 Book Online Home About Us Meet Dr. Bianca Gonzalez Meet the Team Services General Dentistry Dental Check-Up Tooth Fillings Tooth Extraction Nightguards Mouthguards Types of Teeth Cleaning Cosmetic Dentistry Smile Makeover Dental Crowns Teeth Whitening Porcelain Veneers Dentures Tooth Bonding Invisalign Emergency Dentistry Dental Technology Digital X-Rays Laser Dentistry Intraoral Camera Dental Implants All On X Single Tooth Implants Full Mouth Implants Botox Botox for TMJ Botox Aesthetics Oral Surgery Wisdom Teeth Surgery Bone Grafting PRF Treatment Reviews Patient Info Payments & Insurance Specials New Patients Smille Galery Contact Us Home About Us Meet Dr. Bianca Gonzalez Meet the Team Services General Dentistry Dental Check-Up Tooth Fillings Tooth Extraction Nightguards Mouthguards Types of Teeth Cleaning Cosmetic Dentistry Smile Makeover Dental Crowns Teeth Whitening Porcelain Veneers Dentures Tooth Bonding Invisalign Emergency Dentistry Dental Technology Digital X-Rays Laser Dentistry Intraoral Camera Dental Implants All On X Single Tooth Implants Full Mouth Implants Botox Botox for TMJ Botox Aesthetics Oral Surgery Wisdom Teeth Surgery Bone Grafting PRF Treatment Reviews Patient Info Payments & Insurance Specials New Patients Smille Galery Contact Us Home About Us Meet Dr. Bianca Gonzalez Meet the Team Services General Dentistry Dental Check-Up Tooth Fillings Tooth Extraction Nightguards Mouthguards Types of Teeth Cleaning Cosmetic Dentistry Smile Makeover Dental Crowns Teeth Whitening Porcelain Veneers
PAGE https://miamidental.net/about/: About All Smiles Dentistry | Dentist in Downtown Miami FL Skip to content Dentist in Miami | Miami Dentist HABLAMOS ESPAÑOL! – ACCEPTING DENTAL EMERGENCIES & WALK-INS. CALL NOW! We Validate Parking 150 SE 2nd Ave STE 604, Miami, FL 33131 BOOK ONLINE 305-371-6064 Book Online Home About Us Meet Dr. Bianca Gonzalez Meet the Team Services General Dentistry Dental Check-Up Tooth Fillings Tooth Extraction Nightguards Mouthguards Types of Teeth Cleaning Cosmetic Dentistry Smile Makeover Dental Crowns Teeth Whitening Porcelain Veneers Dentures Tooth Bonding Invisalign Emergency Dentistry Dental Technology Digital X-Rays Laser Dentistry Intraoral Camera Dental Implants All On X Single Tooth Implants Full Mouth Implants Botox Botox for TMJ Botox Aesthetics Oral Surgery Wisdom Teeth Surgery Bone Grafting PRF Treatment Reviews Patient Info Payments & Insurance Specials New Patients Smille Galery Contact Us Home About Us Meet Dr. Bianca Gonzalez Meet the Team Services General Dentistry Dental Check-Up Tooth Fillings Tooth Extraction Nightguards Mouthguards Types of Teeth Cleaning Cosmetic Dentistry Smile Makeover Dental Crowns Teeth Whitening Porcelain Veneers Dentures Tooth Bonding Invisalign Emergency Dentistry Dental Technology Digital X-Rays Laser Dentistry Intraoral Camera Dental Implants All On X Single Tooth Implants Full Mouth Implants Botox Botox for TMJ Botox Aesthetics Oral Surgery Wisdom Teeth Surgery Bone Grafting PRF Treatment Reviews Patient Info Payments & Insurance Specials New Patients Smille Galery Contact Us Home About Us Meet Dr. Bianca Gonzalez Meet the Team Services General Dentistry Dental Check-Up Tooth Fillings Tooth Extraction Nightguards Mouthguards Types of Teeth Cleaning Cosmetic Dentistry Smile Makeover Dental Crowns Teeth Whitening Porcelain Veneers D",LOCAL,0.95,Verified,2026-09-29T20:03:30Z,"Website clearly represents a real operating cosmetic dental practice at 150 SE 2nd Ave STE 604, Miami, FL 33131 (Brickell/Downtown area). Offers cosmetic dentistry services including smile makeover, veneers, whitening, Invisalign, and implants. Single-location practice with Dr. Bianca Gonzalez. Public email office@miamidental.net matches website domain. No evidence of multi-location or enterprise scale."
smile@biohaxdental.com,Biohax Dental Miami - Holistic & Cosmetic Dentistry,https://biohaxdental.com/,Miami,FL,America/New_York,Google Places Text Search -> public website,PASS,ChIJnXNOXfax2YgR6oWnoMmmT-0,https://biohaxdental.com/,"PAGE https://biohaxdental.com/: Dentist in Miami Design District | Biological & Holistic Dentist Miami Skip to content ABOUT US Dr. Daylis de Andrade Our Team Our Practice We Are at Design District Miami What is Biohax BIOLOGICAL DENTISTRY Hyperbaric Oxygen Therapy Biocompatibility Testing Safe Mercury Amalgam Removal Technique Biological Tooth Extractions Holistic Teeth Cleaning Zirconia Implants Laser Gum Treatment Ozone Insufflation Therapy CAD/CAM Zirconia Crowns in Office Mercury Detox Protocol & Supplements Fluoride-Free Toothpaste Comprehensive Holistic Exam Meridian Fluids of Energy Analysis COSMETIC DENTISTRY Smile Design Invisalign® Porcelain Veneers Teeth Whitening Inlays & Onlays Smile Makeovers Biocompatible Crowns & Bridges Tooth Bonding Full Mouth Reconstruction Zirconia Dental Implants Single Tooth Implant Full-Arch Dental Implants DENTAL SERVICES General Dentistry Comprehensive Exams Composite Resin Fillings VELscope® Oral Cancer Assessment Ozone & Reverse Osmosis Teeth Cleaning Periodontal Maintenance Scaling and Root Planing Mouthguards & Nightguards Periodontics Gum Disease Treatment Scaling & Root Planing Gum Contouring Gum Graft Oral Surgery Emergency Dentistry Splint Therapy CBCT Cone Beam FOR PATIENTS Insurances & Financing Smile Gallery Reviews Blog FAQ Contact Us Entrance & Parking BOOK APPOINTMENT (305) 603-8373 ABOUT US Dr. Daylis de Andrade Our Team Our Practice We Are at Design District Miami What is Biohax BIOLOGICAL DENTISTRY Hyperbaric Oxygen Therapy Biocompatibility Testing Safe Mercury Amalgam Removal Technique Biological Tooth Extractions Holistic Teeth Cleaning Zirconia Implants Laser Gum Treatment Ozone Insufflation Therapy CAD/CAM Zirconia Crowns in Office Mercury Detox Protocol & Supplements Fluoride-Free Toothpaste Comprehensive Holistic Exam Meridian Fluids of
PAGE https://biohaxdental.com/contact-us/: Contact Us | Holistic Dentist in Miami Skip to content ABOUT US Dr. Daylis de Andrade Our Team Our Practice We Are at Design District Miami What is Biohax BIOLOGICAL DENTISTRY Hyperbaric Oxygen Therapy Biocompatibility Testing Safe Mercury Amalgam Removal Technique Biological Tooth Extractions Holistic Teeth Cleaning Zirconia Implants Laser Gum Treatment Ozone Insufflation Therapy CAD/CAM Zirconia Crowns in Office Mercury Detox Protocol & Supplements Fluoride-Free Toothpaste Comprehensive Holistic Exam Meridian Fluids of Energy Analysis COSMETIC DENTISTRY Smile Design Invisalign® Porcelain Veneers Teeth Whitening Inlays & Onlays Smile Makeovers Biocompatible Crowns & Bridges Tooth Bonding Full Mouth Reconstruction Zirconia Dental Implants Single Tooth Implant Full-Arch Dental Implants DENTAL SERVICES General Dentistry Comprehensive Exams Composite Resin Fillings VELscope® Oral Cancer Assessment Ozone & Reverse Osmosis Teeth Cleaning Periodontal Maintenance Scaling and Root Planing Mouthguards & Nightguards Periodontics Gum Disease Treatment Scaling & Root Planing Gum Contouring Gum Graft Oral Surgery Emergency Dentistry Splint Therapy CBCT Cone Beam FOR PATIENTS Insurances & Financing Smile Gallery Reviews Blog FAQ Contact Us Entrance & Parking BOOK APPOINTMENT (305) 603-8373 ABOUT US Dr. Daylis de Andrade Our Team Our Practice We Are at Design District Miami What is Biohax BIOLOGICAL DENTISTRY Hyperbaric Oxygen Therapy Biocompatibility Testing Safe Mercury Amalgam Removal Technique Biological Tooth Extractions Holistic Teeth Cleaning Zirconia Implants Laser Gum Treatment Ozone Insufflation Therapy CAD/CAM Zirconia Crowns in Office Mercury Detox Protocol & Supplements Fluoride-Free Toothpaste Comprehensive Holistic Exam Meridian Fluids of Energy Analysis COSMETIC DENTIS",LOCAL,0.85,Verified,2026-09-29T20:04:35Z,"Website clearly represents a real operating dental practice at a single Miami Design District location (4141 NE 2nd Ave #106A). Offers cosmetic dentistry services (veneers, whitening, smile design, Invisalign) matching the target query. Public email smile@biohaxdental.com uses the website domain. No evidence of multiple locations or national enterprise scale."
info@elevateddental.com,Elevated Dental,https://elevateddental.com/,Salt Lake City,UT,America/Denver,Google Places Text Search -> public website,PASS,ChIJ-yWDud5hUocRoScdZeeURxE,https://elevateddental.com/,"PAGE https://elevateddental.com/: Elevated Dental, Dr. William Holmberg | Salt Lake City | Exams Skip to content Menu Home About Elevated Expertise Elevated Technology Elevated Dental Experience William R Holmberg DDS Continuing Education Services Cleanings & Checkups Fillings Onlay & Crowns Veneers & Cosmetic Dentistry Dental Implants In-Office Whitening Invisalign Periodontal Treatments New Patients Contact Blog (801) 274-7700 Facebook Email Menu Home About Elevated Expertise Elevated Technology Elevated Dental Experience William R Holmberg DDS Continuing Education Services Cleanings & Checkups Fillings Onlay & Crowns Veneers & Cosmetic Dentistry Dental Implants In-Office Whitening Invisalign Periodontal Treatments New Patients Contact Blog An Elevated Dental Experience REQUEST AN APPOINTMENT Three Pillars of Your Elevated Dental Experience Elevated Expertise You could go to any dentist, why Elevated Dentist? When you select Dr. William Holmberg to provide care for you and your family, you are hiring a master craftsman. Selected by his mentors and teachers with the prestigious Pierre Fuchard Award, Dr. Holmberg has indeed made the impact in the community of dentistry by providing care focused on precision, excellence and professional mastery. • 100% 5 Star ratings on healthgrades.com • 4/5 Star ratings on vitals.com • Member of SPEARS, a world-renowned group • Earned the prestigious Pierre Fuchard Award What does elevated expertise look like? Elevated Technology We utilize technology to help our guests understand the science behind their smile. We take time to explain what your options are, and why some treatment plans are better than others. Just like you, we don't like surprises. With a great plan, we can create a strategy that will solve problems, shorten recovery time, and meet your financial situ
PAGE https://elevateddental.com/about-elevated-dental/: About Elevated Dental | William R. Holmberg, DDS Skip to content Menu Home About Elevated Expertise Elevated Technology Elevated Dental Experience William R Holmberg DDS Continuing Education Services Cleanings & Checkups Fillings Onlay & Crowns Veneers & Cosmetic Dentistry Dental Implants In-Office Whitening Invisalign Periodontal Treatments New Patients Contact Blog (801) 274-7700 Facebook Email Menu Home About Elevated Expertise Elevated Technology Elevated Dental Experience William R Holmberg DDS Continuing Education Services Cleanings & Checkups Fillings Onlay & Crowns Veneers & Cosmetic Dentistry Dental Implants In-Office Whitening Invisalign Periodontal Treatments New Patients Contact Blog About Elevated Dental When you want to improve your smile , eliminate tooth pain , or find a dentist who will take time to explain what is happening under the enamel, then you have found the right dentist. Dr. William Holmberg is the founder of Elevated Dental. With precision, a fine eye for detail, improving smiles, and a perfectionist practice of repairing, he leads the expedition for healthier living of all his guests. Scientific evidence suggests that a healthy mouth is an indicator of a healthy body. Our mission is to promote healthy oral care, eliminate tooth problems, repair existing damage, and improve the quality of life for each guest. Pillars of Elevated Dental Customer Service Speaking of his own experience, Dr. Holmberg recalls, “I had been in a number of offices as a patient, and as an assistant. I saw what a difference truly caring about the people made.” …> Expertise Selected by his mentors and teachers with the prestigious Pierre Fuchard Award, Dr. Holmberg has indeed made the impact in the community of dentistry by providing care focused on precision, excellenc",LOCAL,0.95,Verified,2026-09-29T20:07:05Z,Website clearly represents a single-location dental practice in Salt Lake City (Sugar House area) offering in-office teeth whitening. Public email uses the website domain. No evidence of multi-location or enterprise scale.
